ImageNumber,ObjectNumber,Location_Center_X,Location_Center_Y,Number_Object_Number
1,1,516.642857143,537.071428571,1
1,2,651.564102564,543.564102564,2
1,3,574.846153846,554.153846154,3
1,4,729.0,565.0,4
1,5,645.409090909,574.772727273,5
1,6,465.5,591.0,6
1,7,673.387096774,608.258064516,7
1,8,710.125,608.333333333,8
1,9,718.380952381,609.714285714,9
1,10,927.8,613.76,10
1,11,717.038461538,618.307692308,11
1,12,853.407407407,622.037037037,12
1,13,742.909090909,628.636363636,13
1,14,695.6,634.05,14
1,15,883.409090909,637.181818182,15
1,16,639.297297297,639.540540541,16
1,17,742.692307692,640.923076923,17
1,18,873.444444444,644.333333333,18
1,19,668.142857143,649.80952381,19
1,20,513.153846154,653.423076923,20
1,21,687.148148148,654.074074074,21
1,22,718.75,654.75,22
1,23,920.5,667.5,23
1,24,1245.90909091,666.772727273,24
1,25,929.724137931,669.344827586,25
1,26,724.25,669.805555556,26
1,27,764.75,669.6875,27
1,28,895.0,670.5,28
1,29,1243.42307692,670.807692308,29
1,30,1234.79310345,670.689655172,30
1,31,656.636363636,672.909090909,31
1,32,1231.26923077,672.807692308,32
1,33,1447.11538462,673.153846154,33
1,34,1397.21052632,676.631578947,34
1,35,787.413793103,677.551724138,35
1,36,1033.11764706,680.617647059,36
1,37,1234.16,680.64,37
1,38,822.09375,682.0625,38
1,39,603.642857143,687.464285714,39
1,40,1314.59375,689.03125,40
1,41,1408.18181818,689.606060606,41
1,42,1101.0,690.894736842,42
1,43,699.227272727,692.909090909,43
1,44,802.4,693.96,44
1,45,865.090909091,694.090909091,45
1,46,704.305555556,694.305555556,46
1,47,848.5,695.0,47
1,48,1414.03030303,696.818181818,48
1,49,1349.66666667,700.0,49
1,50,491.5,700.8,50
1,51,1018.65,709.3,51
1,52,1436.73529412,708.294117647,52
1,53,848.352941176,711.0,53
1,54,778.588235294,711.617647059,54
1,55,1527.36363636,712.909090909,55
1,56,979.5,714.916666667,56
1,57,1332.96666667,717.9,57
1,58,1375.475,718.225,58
1,59,845.222222222,719.0,59
1,60,666.5,719.5,60
1,61,1534.70588235,722.5,61
1,62,1325.26470588,723.0,62
1,63,1335.82758621,725.103448276,63
1,64,1018.625,726.09375,64
1,65,1011.11764706,726.588235294,65
1,66,706.391304348,728.043478261,66
1,67,710.5,727.777777778,67
1,68,729.411764706,727.647058824,68
1,69,817.366666667,729.466666667,69
1,70,1256.22222222,732.851851852,70
1,71,913.421052632,734.105263158,71
1,72,1065.19047619,734.142857143,72
1,73,840.103448276,735.724137931,73
1,74,862.090909091,740.909090909,74
1,75,902.636363636,746.090909091,75
1,76,742.588235294,747.117647059,76
1,77,1020.06666667,747.266666667,77
1,78,1075.91428571,747.314285714,78
1,79,782.592592593,747.925925926,79
1,80,768.8,750.0,80
1,81,1015.57575758,752.666666667,81
1,82,691.117647059,754.411764706,82
1,83,1072.4,754.24,83
1,84,604.08,755.04,84
1,85,916.451612903,754.903225806,85
1,86,1244.61538462,755.5,86
1,87,1466.10344828,756.172413793,87
1,88,971.0,757.5,88
1,89,849.8,758.733333333,89
1,90,1285.625,759.25,90
1,91,843.0,760.4375,91
1,92,1371.5,761.285714286,92
1,93,1515.5,761.444444444,93
1,94,942.090909091,761.636363636,94
1,95,914.5,763.2,95
1,96,833.608695652,765.217391304,96
1,97,1247.0,765.142857143,97
1,98,723.291666667,765.708333333,98
1,99,775.321428571,765.678571429,99
1,100,804.8,765.5,100
1,101,1347.77777778,771.5,101
1,102,763.363636364,772.242424242,102
1,103,783.0,771.5,103
1,104,568.1,773.05,104
1,105,1036.5,774.285714286,105
1,106,842.0,775.5,106
1,107,1073.21875,775.125,107
1,108,804.8125,776.21875,108
1,109,837.608695652,776.565217391,109
1,110,1321.5,776.777777778,110
1,111,759.333333333,778.125,111
1,112,685.875,779.333333333,112
1,113,708.5,779.5,113
1,114,1238.63333333,780.366666667,114
1,115,648.074074074,781.407407407,115
1,116,1208.34615385,781.0,116
1,117,773.178571429,781.392857143,117
1,118,932.875,781.333333333,118
1,119,1437.17857143,783.392857143,119
1,120,1027.07407407,785.592592593,120
1,121,690.6,785.6,121
1,122,831.523809524,786.380952381,122
1,123,1345.61538462,785.615384615,123
1,124,618.2,787.5,124
1,125,772.0,787.0,125
1,126,1414.4,787.5,126
1,127,1435.88888889,790.037037037,127
1,128,834.148148148,792.0,128
1,129,1379.31428571,793.6,129
1,130,871.5,793.777777778,130
1,131,1512.0,794.0,131
1,132,770.821428571,794.571428571,132
1,133,954.5,794.777777778,133
1,134,656.384615385,796.615384615,134
1,135,823.481481481,797.111111111,135
1,136,867.1,797.3,136
1,137,717.714285714,798.5,137
1,138,596.04,799.4,138
1,139,771.1,799.966666667,139
1,140,1016.11764706,800.382352941,140
1,141,1199.87179487,799.871794872,141
1,142,854.965517241,800.827586207,142
1,143,1264.8,801.0,143
1,144,1306.82142857,800.892857143,144
1,145,683.882352941,802.411764706,145
1,146,812.75,803.5,146
1,147,1351.5,803.1875,147
1,148,867.5,804.5,148
1,149,923.5,804.5,149
1,150,640.894736842,805.421052632,150
1,151,748.125,806.1,151
1,152,753.0,805.206896552,152
1,153,1431.34782609,805.608695652,153
1,154,1443.63636364,806.090909091,154
1,155,1194.09090909,807.090909091,155
1,156,818.741935484,808.258064516,156
1,157,855.717948718,808.692307692,157
1,158,1545.82142857,808.607142857,158
1,159,1201.59259259,813.185185185,159
1,160,1268.06382979,814.234042553,160
1,161,770.419354839,814.935483871,161
1,162,787.818181818,816.303030303,162
1,163,1170.5,816.8,163
1,164,1242.5,816.4,164
1,165,1396.9047619,817.476190476,165
1,166,658.777777778,818.5,166
1,167,1403.5,818.0,167
1,168,1313.07407407,819.407407407,168
1,169,1376.04,818.76,169
1,170,695.258064516,820.322580645,170
1,171,562.9,820.966666667,171
1,172,1149.38461538,820.615384615,172
1,173,789.92,824.4,173
1,174,591.142857143,824.928571429,174
1,175,771.875,824.875,175
1,176,1194.5,824.714285714,176
1,177,1142.5862069,826.068965517,177
1,178,1454.1875,826.28125,178
1,179,1560.27777778,825.972222222,179
1,180,786.047619048,826.523809524,180
1,181,919.125,827.666666667,181
1,182,695.315789474,828.526315789,182
1,183,713.863636364,828.454545455,183
1,184,988.9,829.966666667,184
1,185,1300.91176471,830.323529412,185
1,186,657.285714286,831.5,186
1,187,699.448275862,831.413793103,187
1,188,1283.69565217,831.217391304,188
1,189,728.548387097,832.290322581,189
1,190,1150.15789474,831.842105263,190
1,191,558.9375,832.75,191
1,192,716.0,833.5,192
1,193,774.352941176,833.0,193
1,194,1051.86363636,832.545454545,194
1,195,1190.45454545,834.181818182,195
1,196,1200.03030303,835.757575758,196
1,197,1267.57575758,836.333333333,197
1,198,780.470588235,838.352941176,198
1,199,1322.92592593,838.592592593,199
1,200,1392.4516129,838.290322581,200
1,201,981.133333333,838.9,201
1,202,1033.63333333,839.366666667,202
1,203,598.782608696,840.913043478,203
1,204,1292.80952381,840.857142857,204
1,205,580.592592593,842.074074074,205
1,206,1198.10714286,842.107142857,206
1,207,824.111111111,843.5,207
1,208,1429.76190476,844.380952381,208
1,209,567.151515152,845.878787879,209
1,210,1200.0,846.5,210
1,211,1372.59259259,846.074074074,211
1,212,576.709677419,847.290322581,212
1,213,1195.30769231,847.307692308,213
1,214,1398.84210526,846.842105263,214
1,215,581.586206897,847.827586207,215
1,216,714.884615385,847.692307692,216
1,217,662.173913043,849.565217391,217
1,218,747.0,855.5,218
1,219,865.933333333,854.933333333,219
1,220,1504.5,855.5,220
1,221,674.258064516,856.387096774,221
1,222,705.321428571,857.321428571,222
1,223,1256.91666667,857.5,223
1,224,606.913043478,857.652173913,224
1,225,620.882352941,858.588235294,225
1,226,1284.04347826,858.608695652,226
1,227,1493.5,857.5,227
1,228,1371.0,859.5,228
1,229,782.285714286,860.5,229
1,230,983.0,860.5,230
1,231,1394.82352941,861.176470588,231
1,232,1496.56,861.8,232
1,233,997.307692308,864.230769231,233
1,234,1175.19354839,863.709677419,234
1,235,1344.57142857,863.619047619,235
1,236,843.833333333,865.5,236
1,237,1272.0,864.875,237
1,238,1007.75757576,866.454545455,238
1,239,1476.40740741,866.074074074,239
1,240,704.0,868.041666667,240
1,241,1193.40740741,869.925925926,241
1,242,1330.25,869.666666667,242
1,243,1571.0,869.708333333,243
1,244,1412.26666667,871.6,244
1,245,987.846153846,872.461538462,245
1,246,1198.0,873.136363636,246
1,247,807.5,874.714285714,247
1,248,773.678571429,876.0,248
1,249,1165.0,875.5,249
1,250,804.714285714,879.761904762,250
1,251,1155.5,880.2,251
1,252,588.055555556,883.777777778,252
1,253,1394.2962963,883.925925926,253
1,254,566.5,885.0,254
1,255,830.925925926,884.592592593,255
1,256,1273.05882353,885.235294118,256
1,257,738.5,886.0,257
1,258,1268.04166667,886.291666667,258
1,259,561.5,886.785714286,259
1,260,1186.95,887.75,260
1,261,1205.42307692,887.692307692,261
1,262,1178.45454545,888.636363636,262
1,263,489.05,889.9,263
1,264,577.375,890.34375,264
1,265,700.8,891.5,265
1,266,1426.2,890.5,266
1,267,1210.77777778,891.5,267
1,268,688.344827586,893.068965517,268
1,269,1347.96969697,892.363636364,269
1,270,775.875,893.5,270
1,271,1323.0,893.666666667,271
1,272,525.516129032,895.612903226,272
1,273,1484.21052632,896.631578947,273
1,274,1142.09090909,897.363636364,274
1,275,1173.5,898.0,275
1,276,1195.0,898.0,276
1,277,1164.57894737,898.894736842,277
1,278,565.826086957,900.0,278
1,279,1237.0,900.5,279
1,280,1298.4137931,899.862068966,280
1,281,482.575757576,901.424242424,281
1,282,774.821428571,901.571428571,282
1,283,1201.65625,901.71875,283
1,284,770.25,903.25,284
1,285,1165.57894737,903.631578947,285
1,286,1308.32258065,904.387096774,286
1,287,793.296296296,905.333333333,287
1,288,1255.5,905.0,288
1,289,1267.88461538,905.192307692,289
1,290,1224.36666667,905.633333333,290
1,291,778.228571429,907.571428571,291
1,292,708.5,909.222222222,292
1,293,1163.875,910.333333333,293
1,294,1199.625,910.05,294
1,295,1260.95,912.9,295
1,296,1227.83333333,914.266666667,296
1,297,1400.4,917.08,297
1,298,1329.10344828,917.517241379,298
1,299,1223.74074074,919.407407407,299
1,300,1459.05263158,919.315789474,300
1,301,776.071428571,920.142857143,301
1,302,829.444444444,920.333333333,302
1,303,1320.41176471,920.117647059,303
1,304,1372.82142857,919.607142857,304
1,305,1299.18518519,921.407407407,305
1,306,543.192307692,922.192307692,306
1,307,555.592592593,921.925925926,307
1,308,1134.0,921.789473684,308
1,309,1118.92857143,922.928571429,309
1,310,547.75,925.09375,310
1,311,686.222222222,925.5,311
1,312,1001.5,926.0,312
1,313,1067.5,926.5,313
1,314,1213.38095238,926.857142857,314
1,315,971.366666667,928.366666667,315
1,316,747.846153846,928.384615385,316
1,317,785.192307692,929.192307692,317
1,318,853.575757576,928.666666667,318
1,319,1141.53846154,928.846153846,319
1,320,1050.75,930.55,320
1,321,1128.94117647,929.764705882,321
1,322,1191.60869565,929.782608696,322
1,323,1451.81818182,929.727272727,323
1,324,811.5,930.777777778,324
1,325,1094.28571429,931.5,325
1,326,507.181818182,932.090909091,326
1,327,939.783783784,933.027027027,327
1,328,974.852941176,934.411764706,328
1,329,1412.5,933.777777778,329
1,330,945.911764706,934.882352941,330
1,331,1148.22222222,934.555555556,331
1,332,732.6,936.08,332
1,333,1104.0,935.5,333
1,334,1135.68,935.76,334
1,335,558.173913043,937.565217391,335
1,336,1060.0,937.0,336
1,337,1260.0,937.5,337
1,338,715.24,937.8,338
1,339,1007.61538462,937.615384615,339
1,340,1123.0,938.5,340
1,341,865.0,939.5,341
1,342,1023.875,939.333333333,342
1,343,946.925925926,939.592592593,343
1,344,983.807692308,939.769230769,344
1,345,1357.94736842,940.157894737,345
1,346,999.458333333,941.041666667,346
1,347,1012.66666667,940.875,347
1,348,1485.5,940.777777778,348
1,349,806.588235294,941.882352941,349
1,350,919.761904762,941.380952381,350
1,351,1095.51851852,940.851851852,351
1,352,1328.04,942.4,352
1,353,1451.5,942.0,353
1,354,1253.08333333,943.277777778,354
1,355,1419.25,945.75,355
1,356,512.6,945.96,356
1,357,1075.0,947.5,357
1,358,586.285714286,949.542857143,358
1,359,739.285714286,948.642857143,359
1,360,759.821428571,948.892857143,360
1,361,1070.5,949.285714286,361
1,362,520.633333333,949.7,362
1,363,700.913043478,949.782608696,363
1,364,769.0,949.789473684,364
1,365,1171.48571429,952.142857143,365
1,366,693.05,951.35,366
1,367,978.363636364,952.090909091,367
1,368,1252.5,952.5,368
1,369,786.366666667,953.366666667,369
1,370,924.407407407,953.074074074,370
1,371,1410.08333333,953.583333333,371
1,372,560.689655172,953.75862069,372
1,373,690.25,953.625,373
1,374,1020.89655172,953.689655172,374
1,375,667.0,954.826086957,375
1,376,750.411764706,954.882352941,376
1,377,937.714285714,955.5,377
1,378,1123.2173913,954.913043478,378
1,379,1372.32142857,954.75,379
1,380,1156.6,955.96,380
1,381,1337.46666667,956.866666667,381
1,382,1400.59259259,957.259259259,382
1,383,828.7,958.1,383
1,384,1025.39285714,958.178571429,384
1,385,1254.10344828,960.482758621,385
1,386,1430.52631579,960.157894737,386
1,387,695.181818182,960.424242424,387
1,388,978.4375,960.65625,388
1,389,1464.64705882,961.0,389
1,390,531.666666667,962.466666667,390
1,391,1278.10526316,962.421052632,391
1,392,773.777777778,963.5,392
1,393,1385.34615385,962.730769231,393
1,394,1439.96,962.6,394
1,395,973.0,963.647058824,395
1,396,1022.44827586,963.827586207,396
1,397,958.222222222,965.055555556,397
1,398,1581.76470588,964.764705882,398
1,399,1225.2,967.0,399
1,400,1350.25,966.75,400
1,401,1043.76923077,967.769230769,401
1,402,1120.125,968.666666667,402
1,403,1138.0,968.375,403
1,404,1141.82142857,969.321428571,404
1,405,1334.27272727,969.045454545,405
1,406,509.875,969.625,406
1,407,622.45,969.75,407
1,408,1134.09090909,970.909090909,408
1,409,1279.48148148,969.37037037,409
1,410,519.407407407,971.185185185,410
1,411,1040.3,970.3,411
1,412,608.0,971.375,412
1,413,915.846153846,973.038461538,413
1,414,1047.44827586,972.689655172,414
1,415,1277.75,973.75,415
1,416,1480.48148148,972.888888889,416
1,417,1491.5,972.5,417
1,418,604.136363636,973.636363636,418
1,419,581.142857143,975.0,419
1,420,967.096774194,974.806451613,420
1,421,1336.15384615,974.653846154,421
1,422,1117.82142857,975.392857143,422
1,423,1224.875,975.875,423
1,424,1299.92,976.2,424
1,425,529.181818182,977.181818182,425
1,426,837.5,978.166666667,426
1,427,1380.25,977.666666667,427
1,428,568.428571429,978.678571429,428
1,429,722.0,979.5,429
1,430,1071.09090909,979.090909091,430
1,431,477.72,981.4,431
1,432,1229.0,981.0,432
1,433,1386.04,981.4,433
1,434,776.0,981.8,434
1,435,1012.33333333,981.5,435
1,436,1042.125,982.208333333,436
1,437,1084.86111111,982.388888889,437
1,438,1032.48148148,983.481481481,438
1,439,1209.33333333,982.888888889,439
1,440,1242.96,982.76,440
1,441,1148.29166667,983.708333333,441
1,442,1235.5,983.727272727,442
1,443,666.5,985.5,443
1,444,679.24,986.2,444
1,445,1061.81818182,986.318181818,445
1,446,729.473684211,986.842105263,446
1,447,1069.4375,987.375,447
1,448,1170.5,987.117647059,448
1,449,1250.09090909,986.909090909,449
1,450,836.086956522,987.782608696,450
1,451,1094.0,988.0,451
1,452,1395.5,988.222222222,452
1,453,747.46875,989.03125,453
1,454,879.333333333,990.060606061,454
1,455,1209.5,989.5,455
1,456,740.103448276,990.896551724,456
1,457,1255.85714286,991.214285714,457
1,458,1261.5,990.5,458
1,459,1403.66666667,992.375,459
1,460,744.214285714,993.785714286,460
1,461,1019.24137931,993.24137931,461
1,462,1170.125,993.0,462
1,463,1183.27272727,992.954545455,463
1,464,1277.03125,994.0,464
1,465,1555.26666667,993.366666667,465
1,466,637.333333333,994.266666667,466
1,467,1012.30769231,994.115384615,467
1,468,1114.11764706,993.588235294,468
1,469,1089.1,994.8,469
1,470,1388.2,994.76,470
1,471,666.681818182,996.272727273,471
1,472,1037.09090909,996.090909091,472
1,473,1102.125,995.666666667,473
1,474,1153.41666667,996.833333333,474
1,475,1234.90909091,996.909090909,475
1,476,1493.69565217,996.739130435,476
1,477,1218.09090909,998.090909091,477
1,478,1256.225,997.625,478
1,479,1522.44444444,997.407407407,479
1,480,1336.77777778,998.944444444,480
1,481,1454.05,999.9,481
1,482,1233.41666667,1001.16666667,482
1,483,1389.62068966,1001.13793103,483
1,484,1005.0,1002.82608696,484
1,485,697.181818182,1004.72727273,485
1,486,793.407407407,1004.74074074,486
1,487,1399.625,1004.54166667,487
1,488,525.375,1005.75,488
1,489,909.363636364,1005.39393939,489
1,490,1189.5,1006.0,490
1,491,1426.09090909,1005.90909091,491
1,492,708.285714286,1008.19047619,492
1,493,959.625,1007.84375,493
1,494,889.857142857,1009.19047619,494
1,495,1183.03333333,1008.9,495
1,496,1295.96,1009.4,496
1,497,1377.88235294,1009.70588235,497
1,498,1282.09090909,1011.36363636,498
1,499,1492.5862069,1011.24137931,499
1,500,1126.5,1011.77777778,500
1,501,1329.58823529,1012.11764706,501
1,502,1042.27272727,1012.95454545,502
1,503,1379.28571429,1013.5,503
1,504,810.4,1014.24,504
1,505,1371.66666667,1014.0,505
1,506,1375.42105263,1013.89473684,506
1,507,282.5,1014.5,507
1,508,994.5,1015.08333333,508
1,509,1249.875,1014.33333333,509
1,510,1169.5,1015.5,510
1,511,618.8,1017.24,511
1,512,1022.10714286,1016.71428571,512
1,513,1144.875,1016.875,513
1,514,1389.83333333,1017.625,514
1,515,1463.0,1017.66666667,515
1,516,1602.5,1017.6,516
1,517,545.0,1021.5,517
1,518,1113.5,1021.16666667,518
1,519,1211.82608696,1020.95652174,519
1,520,1250.56097561,1022.70731707,520
1,521,1324.6875,1022.1875,521
1,522,1333.75,1021.75,522
1,523,1469.5,1021.5,523
1,524,875.0,1022.875,524
1,525,1020.61111111,1023.72222222,525
1,526,1163.24242424,1023.09090909,526
1,527,1175.8,1023.44,527
1,528,1278.66666667,1023.5,528
1,529,1183.76,1025.32,529
1,530,1301.13333333,1024.46666667,530
1,531,1086.95652174,1026.08695652,531
1,532,1345.45454545,1026.36363636,532
1,533,599.689655172,1027.10344828,533
1,534,1144.84615385,1027.02564103,534
1,535,1156.33333333,1026.85714286,535
1,536,1489.07407407,1026.59259259,536
1,537,1072.2,1028.24,537
1,538,1376.22580645,1028.41935484,538
1,539,1417.5,1028.5,539
1,540,1162.85185185,1029.92592593,540
1,541,1360.19444444,1029.63888889,541
1,542,567.821428571,1031.42857143,542
1,543,889.958333333,1031.45833333,543
1,544,1301.0,1031.0,544
1,545,807.259259259,1031.51851852,545
1,546,600.217391304,1032.91304348,546
1,547,1095.4,1034.44,547
1,548,1423.0,1034.5,548
1,549,1432.5,1034.0,549
1,550,1441.33333333,1034.375,550
1,551,1489.13043478,1033.7826087,551
1,552,1106.8,1035.5,552
1,553,1260.0,1035.5,553
1,554,1274.0,1035.0,554
1,555,1334.78571429,1035.5,555
1,556,613.285714286,1036.5,556
1,557,1133.5,1037.77777778,557
1,558,1467.0625,1036.8125,558
1,559,1583.4516129,1036.70967742,559
1,560,1542.09090909,1037.90909091,560
1,561,667.0,1041.5,561
1,562,1184.90909091,1041.09090909,562
1,563,1408.0,1040.68421053,563
1,564,1428.81481481,1040.59259259,564
1,565,1026.5,1041.5,565
1,566,1129.125,1042.33333333,566
1,567,1146.26086957,1042.39130435,567
1,568,1273.05,1042.1,568
1,569,1518.10344828,1042.51724138,569
1,570,1625.94736842,1043.07894737,570
1,571,1363.53571429,1043.57142857,571
1,572,1492.25,1045.33333333,572
1,573,609.565217391,1046.08695652,573
1,574,1269.3030303,1046.24242424,574
1,575,1276.5,1047.2,575
1,576,577.538461538,1047.84615385,576
1,577,647.5,1048.4,577
1,578,933.5,1050.0,578
1,579,1352.26315789,1049.84210526,579
1,580,1135.27272727,1052.95454545,580
1,581,1401.21052632,1052.73684211,581
1,582,688.5,1054.0,582
1,583,1096.76923077,1053.84615385,583
1,584,1340.60869565,1053.91304348,584
1,585,1397.03333333,1054.26666667,585
1,586,1518.09375,1054.34375,586
1,587,1262.80769231,1056.07692308,587
1,588,1486.60869565,1055.7826087,588
1,589,1530.59259259,1055.92592593,589
1,590,1525.0,1057.63157895,590
1,591,1315.38888889,1060.13888889,591
1,592,1411.42857143,1059.22857143,592
1,593,1422.56666667,1059.2,593
1,594,1460.22222222,1059.5,594
1,595,1047.95,1062.25,595
1,596,1273.5,1062.0,596
1,597,1062.90909091,1063.09090909,597
1,598,1109.23076923,1062.88461538,598
1,599,1298.34375,1062.71875,599
1,600,1351.4516129,1063.41935484,600
1,601,1359.31034483,1063.10344828,601
1,602,1577.6,1064.4,602
1,603,609.090909091,1065.09090909,603
1,604,1322.5,1065.0,604
1,605,1428.75,1066.25,605
1,606,626.222222222,1067.5,606
1,607,1382.2173913,1066.86956522,607
1,608,1396.22222222,1067.5,608
1,609,1197.71428571,1068.5,609
1,610,1388.76,1067.6,610
1,611,1106.5,1068.72727273,611
1,612,1237.5,1068.5,612
1,613,1121.58823529,1069.88235294,613
1,614,708.2,1073.12,614
1,615,1133.5,1073.5,615
1,616,1468.41176471,1072.88235294,616
1,617,597.769230769,1074.5,617
1,618,1241.90909091,1073.90909091,618
1,619,1448.77777778,1074.5,619
1,620,1181.42105263,1074.89473684,620
1,621,1115.08695652,1075.95652174,621
1,622,1143.85185185,1076.18518519,622
1,623,1361.92592593,1076.59259259,623
1,624,815.407407407,1077.18518519,624
1,625,1102.57894737,1078.10526316,625
1,626,1332.18181818,1078.27272727,626
1,627,1444.11764706,1078.41176471,627
1,628,677.434782609,1079.17391304,628
1,629,1129.0,1079.0,629
1,630,1089.63157895,1079.52631579,630
1,631,1263.2,1079.75,631
1,632,1072.75757576,1082.18181818,632
1,633,1327.22222222,1082.5,633
1,634,1448.90909091,1081.90909091,634
1,635,1188.5,1082.5,635
1,636,1392.48,1082.6,636
1,637,1419.14285714,1083.14285714,637
1,638,1123.5,1083.5,638
1,639,1226.04,1084.4,639
1,640,1402.38095238,1084.0,640
1,641,1257.53333333,1084.86666667,641
1,642,1361.66666667,1084.44444444,642
1,643,1426.13333333,1084.53333333,643
1,644,600.925925926,1085.40740741,644
1,645,1283.85714286,1086.66666667,645
1,646,1099.5,1088.21428571,646
1,647,557.068965517,1088.4137931,647
1,648,1315.5,1089.5,648
1,649,1329.4,1090.5,649
1,650,1447.6,1090.04,650
1,651,1575.41935484,1091.4516129,651
1,652,1458.08333333,1093.08333333,652
1,653,1396.04,1093.6,653
1,654,563.380952381,1095.71428571,654
1,655,1089.63157895,1095.0,655
1,656,602.074074074,1096.40740741,656
1,657,1448.60869565,1096.52173913,657
1,658,1515.33333333,1094.93333333,658
1,659,1120.39130435,1097.2173913,659
1,660,1209.08108108,1097.27027027,660
1,661,1258.20833333,1097.45833333,661
1,662,1350.46153846,1097.0,662
1,663,1500.5,1097.5,663
1,664,1169.90909091,1098.09090909,664
1,665,582.090909091,1098.63636364,665
1,666,1074.71428571,1099.5,666
1,667,1070.71428571,1101.0,667
1,668,482.363636364,1103.5,668
1,669,1266.95833333,1103.33333333,669
1,670,1410.36666667,1103.36666667,670
1,671,1224.15625,1104.0625,671
1,672,1240.90909091,1103.90909091,672
1,673,1249.75,1103.89285714,673
1,674,1446.0,1104.32142857,674
1,675,1313.5,1105.0,675
1,676,1908.0,1105.5,676
1,677,530.166666667,1106.5,677
1,678,608.625,1106.125,678
1,679,1343.0,1105.5,679
1,680,1186.93333333,1106.93333333,680
1,681,1338.83783784,1109.67567568,681
1,682,586.571428571,1109.38095238,682
1,683,1343.77272727,1109.77272727,683
1,684,1429.91304348,1109.7826087,684
1,685,1269.88888889,1110.72222222,685
1,686,1114.80952381,1113.04761905,686
1,687,1227.625,1113.25,687
1,688,600.823529412,1113.82352941,688
1,689,1031.66666667,1113.875,689
1,690,1357.5,1113.5,690
1,691,1441.5,1115.5,691
1,692,484.0,1116.0,692
1,693,506.842105263,1116.15789474,693
1,694,1364.1875,1115.5,694
1,695,1114.63157895,1117.47368421,695
1,696,639.636363636,1117.68181818,696
1,697,1122.5,1118.0,697
1,698,1258.72222222,1118.16666667,698
1,699,1406.0,1117.5,699
1,700,1342.2,1120.1,700
1,701,1515.34042553,1119.06382979,701
1,702,1106.90909091,1121.22727273,702
1,703,639.75,1122.75,703
1,704,1164.91666667,1120.86111111,704
1,705,1306.6,1121.93333333,705
1,706,1004.22222222,1123.2962963,706
1,707,1472.6,1123.4,707
1,708,1099.56,1123.6,708
1,709,1264.09090909,1123.63636364,709
1,710,1302.17241379,1123.89655172,710
1,711,1343.93939394,1124.6969697,711
1,712,1081.09090909,1124.90909091,712
1,713,1313.46428571,1125.17857143,713
1,714,1339.66666667,1125.66666667,714
1,715,1356.92,1124.96,715
1,716,1390.5,1124.5,716
1,717,1135.86363636,1125.77272727,717
1,718,1327.70833333,1125.79166667,718
1,719,708.944444444,1126.88888889,719
1,720,1277.95652174,1126.91304348,720
1,721,1107.94444444,1127.55555556,721
1,722,617.333333333,1129.26666667,722
1,723,1103.16666667,1128.41666667,723
1,724,1213.26666667,1128.66666667,724
1,725,1341.33333333,1128.88888889,725
1,726,1524.5,1128.5,726
1,727,1312.29166667,1130.0,727
1,728,1542.5,1130.0,728
1,729,1099.19047619,1130.95238095,729
1,730,1106.95,1131.65,730
1,731,1335.11764706,1131.41176471,731
1,732,1549.875,1131.33333333,732
1,733,1514.0,1131.72727273,733
1,734,1089.38095238,1135.52380952,734
1,735,1447.66666667,1135.25925926,735
1,736,1418.26315789,1135.84210526,736
1,737,1291.42105263,1136.89473684,737
1,738,1099.33333333,1137.74074074,738
1,739,1287.66666667,1137.83333333,739
1,740,1367.34615385,1137.65384615,740
1,741,1413.86363636,1137.63636364,741
1,742,1516.94594595,1137.89189189,742
1,743,1441.1,1140.4,743
1,744,1002.28571429,1140.5,744
1,745,1086.0,1141.0,745
1,746,1144.77777778,1140.5,746
1,747,1464.48275862,1141.5862069,747
1,748,1329.68,1143.28,748
1,749,821.647058824,1143.58823529,749
1,750,632.848484848,1145.09090909,750
1,751,1147.0,1145.5,751
1,752,1377.21428571,1145.5,752
1,753,1475.5,1145.32142857,753
1,754,1444.97142857,1146.54285714,754
1,755,1287.33333333,1146.875,755
1,756,1480.70833333,1147.04166667,756
1,757,1520.125,1146.8125,757
1,758,594.875,1147.66666667,758
1,759,648.0,1148.5,759
1,760,1337.51515152,1148.18181818,760
1,761,1431.17391304,1149.13043478,761
1,762,628.904761905,1150.0952381,762
1,763,856.090909091,1150.09090909,763
1,764,1275.0,1149.85714286,764
1,765,1407.2,1149.44,765
1,766,1426.90625,1150.125,766
1,767,601.433333333,1151.46666667,767
1,768,1237.71428571,1151.5,768
1,769,1440.08333333,1151.08333333,769
1,770,1095.75,1152.03125,770
1,771,1283.44,1152.08,771
1,772,1501.1,1151.96666667,772
1,773,624.4,1152.93333333,773
1,774,1177.875,1153.33333333,774
1,775,1260.2,1152.56666667,775
1,776,1348.90909091,1152.75757576,776
1,777,1403.68,1152.76,777
1,778,1338.41176471,1154.11764706,778
1,779,1533.63333333,1154.1,779
1,780,1326.56666667,1155.8,780
1,781,1494.27777778,1155.44444444,781
1,782,1241.09090909,1157.90909091,782
1,783,1490.88,1158.24,783
1,784,1544.2,1158.0,784
1,785,1307.0,1158.5,785
1,786,1501.26315789,1158.73684211,786
1,787,1161.38095238,1159.57142857,787
1,788,1255.11111111,1159.55555556,788
1,789,1266.62962963,1160.0,789
1,790,1325.0,1160.52941176,790
1,791,1044.58333333,1161.08333333,791
1,792,1291.07407407,1161.59259259,792
1,793,1407.32142857,1161.0,793
1,794,1131.5,1163.5,794
1,795,1388.0,1163.5,795
1,796,1139.4,1164.04,796
1,797,1218.86956522,1163.82608696,797
1,798,597.75862069,1164.75862069,798
1,799,1492.11111111,1165.44444444,799
1,800,1608.4,1165.4,800
1,801,1328.61538462,1166.0,801
1,802,1562.45454545,1166.0,802
1,803,1420.0,1167.17391304,803
1,804,1578.10344828,1166.82758621,804
1,805,1482.44117647,1168.20588235,805
1,806,1415.38095238,1169.0952381,806
1,807,1661.66666667,1169.5,807
1,808,1331.29166667,1170.0,808
1,809,1278.04761905,1170.80952381,809
1,810,1446.05,1171.1,810
1,811,1175.6969697,1171.75757576,811
1,812,1411.88461538,1172.30769231,812
1,813,1171.57142857,1173.80952381,813
1,814,1371.07407407,1172.40740741,814
1,815,582.206896552,1174.0,815
1,816,1225.63157895,1175.47368421,816
1,817,1353.25925926,1176.81481481,817
1,818,1428.1875,1176.8125,818
1,819,1125.4,1176.93333333,819
1,820,1294.8125,1176.6875,820
1,821,1641.72413793,1177.65517241,821
1,822,491.7,1181.35,822
1,823,634.709677419,1180.80645161,823
1,824,1363.5,1180.875,824
1,825,1424.0,1180.5,825
1,826,1251.27272727,1181.5,826
1,827,1375.14285714,1181.5,827
1,828,1394.125,1181.54166667,828
1,829,782.5,1183.5,829
1,830,1308.20833333,1182.33333333,830
1,831,1470.06666667,1183.33333333,831
1,832,1136.0,1185.5,832
1,833,1354.27586207,1185.5862069,833
1,834,1398.95,1185.1,834
1,835,556.5,1186.0,835
1,836,1306.76190476,1186.33333333,836
1,837,1337.5,1186.08333333,837
1,838,1152.5,1187.5,838
1,839,1349.78947368,1187.05263158,839
1,840,1434.28571429,1187.21428571,840
1,841,1358.5,1188.5,841
1,842,1451.5,1188.5,842
1,843,1328.92,1189.8,843
1,844,1531.5,1190.5,844
1,845,587.515151515,1191.09090909,845
1,846,1209.42857143,1192.38095238,846
1,847,1526.0,1191.82608696,847
1,848,1107.5,1193.0,848
1,849,1170.25,1193.5,849
1,850,1135.76315789,1193.71052632,850
1,851,1379.5,1194.08333333,851
1,852,515.166666667,1195.5,852
1,853,1371.06451613,1194.61290323,853
1,854,1426.42857143,1194.38095238,854
1,855,1443.5,1195.5,855
1,856,1205.83333333,1195.5,856
1,857,1707.2173913,1195.91304348,857
1,858,1231.44,1196.6,858
1,859,1801.64285714,1196.78571429,859
1,860,626.95,1198.25,860
1,861,1139.08333333,1198.5,861
1,862,1363.90909091,1199.09090909,862
1,863,1322.25,1200.75,863
1,864,1440.82608696,1201.0,864
1,865,643.272727273,1201.5,865
1,866,1353.13793103,1201.5862069,866
1,867,1455.5,1202.27272727,867
1,868,1170.19230769,1203.03846154,868
1,869,1312.0,1202.5,869
1,870,1403.4,1205.4,870
1,871,1426.2,1206.08,871
1,872,1134.20512821,1206.17948718,872
1,873,1300.40740741,1207.74074074,873
1,874,1451.5,1207.66666667,874
1,875,1536.08108108,1210.02702703,875
1,876,1549.5,1209.5,876
1,877,587.882352941,1210.41176471,877
1,878,1494.0,1210.17391304,878
1,879,1597.61111111,1210.33333333,879
1,880,1355.0,1212.0,880
1,881,810.464285714,1213.35714286,881
1,882,1182.92592593,1212.74074074,882
1,883,1264.90909091,1213.09090909,883
1,884,908.352941176,1214.0,884
1,885,1305.96153846,1213.96153846,885
1,886,511.5,1215.0,886
1,887,1230.5,1214.77777778,887
1,888,1181.25,1217.41666667,888
1,889,1322.64705882,1217.0,889
1,890,1352.21428571,1217.5,890
1,891,650.44,1217.92,891
1,892,1135.76666667,1217.93333333,892
1,893,1274.5,1217.8,893
1,894,641.875,1219.33333333,894
1,895,1459.75,1218.75,895
1,896,1269.70588235,1219.76470588,896
1,897,774.451612903,1220.70967742,897
1,898,1106.82608696,1221.0,898
1,899,1183.3,1221.5,899
1,900,1336.13888889,1220.61111111,900
1,901,1435.30769231,1220.5,901
1,902,1343.6,1221.6,902
1,903,1348.04545455,1221.72727273,903
1,904,1515.0,1222.17391304,904
1,905,1566.0,1221.5,905
1,906,1272.5,1223.0,906
1,907,1279.13636364,1223.0,907
1,908,1498.81818182,1224.54545455,908
1,909,1169.5,1224.5,909
1,910,1234.19230769,1225.46153846,910
1,911,1258.13636364,1225.36363636,911
1,912,1506.61111111,1226.11111111,912
1,913,663.12,1227.04,913
1,914,1227.53846154,1226.76923077,914
1,915,1302.06666667,1226.66666667,915
1,916,1310.0,1227.5,916
1,917,1513.64285714,1227.71428571,917
1,918,1642.5,1228.30769231,918
1,919,1164.93333333,1232.26666667,919
1,920,1331.5,1232.0,920
1,921,1359.96428571,1232.75,921
1,922,631.633333333,1233.36666667,922
1,923,931.133333333,1232.8,923
1,924,1212.71428571,1234.5,924
1,925,1584.86666667,1234.46666667,925
1,926,1273.25,1235.05,926
1,927,1511.2,1235.76,927
1,928,623.222222222,1236.5,928
1,929,1423.59259259,1237.18518519,929
1,930,1591.29032258,1236.80645161,930
1,931,1278.64,1237.76,931
1,932,606.5,1239.0,932
1,933,689.282051282,1239.61538462,933
1,934,1285.18181818,1239.72727273,934
1,935,1437.03846154,1240.30769231,935
1,936,1172.5,1240.8,936
1,937,1226.61538462,1241.46153846,937
1,938,1138.63333333,1241.63333333,938
1,939,1258.22222222,1241.5,939
1,940,1232.90909091,1243.09090909,940
1,941,1358.89285714,1242.60714286,941
1,942,1497.0,1242.5,942
1,943,1354.63636364,1243.54545455,943
1,944,1546.96774194,1243.80645161,944
1,945,1554.36363636,1243.68181818,945
1,946,1288.0,1245.0,946
1,947,1326.62962963,1244.59259259,947
1,948,1420.42424242,1247.66666667,948
1,949,1270.66666667,1247.43589744,949
1,950,1428.8,1247.76,950
1,951,1438.0,1248.0,951
1,952,939.4,1249.73333333,952
1,953,1197.15384615,1248.34615385,953
1,954,1495.73684211,1249.52631579,954
1,955,591.884615385,1251.15384615,955
1,956,907.5,1250.91666667,956
1,957,1504.43478261,1250.91304348,957
1,958,587.375,1251.91666667,958
1,959,1492.22222222,1252.03703704,959
1,960,1277.41666667,1253.16666667,960
1,961,1283.95,1253.9,961
1,962,1330.6875,1254.1875,962
1,963,1370.125,1254.4375,963
1,964,1433.3,1253.4,964
1,965,1551.0,1254.0,965
1,966,1258.65217391,1255.04347826,966
1,967,1254.60869565,1256.56521739,967
1,968,1381.2,1259.76,968
1,969,1483.36111111,1260.38888889,969
1,970,651.5,1261.0,970
1,971,1587.03846154,1260.80769231,971
1,972,757.0,1262.38095238,972
1,973,1047.0,1262.0,973
1,974,1234.11111111,1262.27777778,974
1,975,1251.75,1262.75,975
1,976,1337.5,1263.91666667,976
1,977,1285.92,1266.8,977
1,978,1404.5,1267.5,978
1,979,1361.17391304,1268.0,979
1,980,1482.70833333,1268.0,980
1,981,1294.95833333,1269.70833333,981
1,982,1533.5,1270.22222222,982
1,983,540.739130435,1270.52173913,983
1,984,625.076923077,1271.61538462,984
1,985,1484.16666667,1272.5,985
1,986,1298.69230769,1272.46153846,986
1,987,715.2,1274.0,987
1,988,1330.5,1275.5,988
1,989,1563.91666667,1276.25,989
1,990,981.733333333,1277.33333333,990
1,991,1586.07142857,1278.14285714,991
1,992,1275.125,1279.83333333,992
1,993,1381.65384615,1279.57692308,993
1,994,1482.07407407,1280.59259259,994
1,995,638.173913043,1283.0,995
1,996,1445.5,1283.27272727,996
1,997,1364.36842105,1284.21052632,997
1,998,1264.90909091,1285.36363636,998
1,999,1473.52631579,1284.63157895,999
1,1000,1577.55555556,1284.59259259,1000
1,1001,1615.46153846,1285.38461538,1001
1,1002,1503.68181818,1285.95454545,1002
1,1003,1406.52,1288.16,1003
1,1004,1493.71428571,1287.5,1004
1,1005,1571.5,1289.5,1005
1,1006,1533.28571429,1291.5,1006
1,1007,1360.19047619,1292.04761905,1007
1,1008,923.714285714,1293.5,1008
1,1009,1268.84210526,1294.15789474,1009
1,1010,1345.24,1293.8,1010
1,1011,1369.76190476,1293.66666667,1011
1,1012,1460.80952381,1297.14285714,1012
1,1013,1376.16666667,1298.22222222,1013
1,1014,1380.95833333,1298.45833333,1014
1,1015,663.545454545,1301.63636364,1015
1,1016,1461.91666667,1301.66666667,1016
1,1017,1310.4,1304.06666667,1017
1,1018,1527.36363636,1305.45454545,1018
1,1019,1394.97222222,1306.08333333,1019
1,1020,1501.5,1306.22222222,1020
1,1021,1249.04,1307.4,1021
1,1022,603.791666667,1308.29166667,1022
1,1023,1586.33333333,1307.75,1023
1,1024,1256.86363636,1309.45454545,1024
1,1025,1378.25,1309.21875,1025
1,1026,1524.0,1309.82608696,1026
1,1027,1614.15789474,1311.15789474,1027
1,1028,1658.23809524,1311.61904762,1028
1,1029,1385.07142857,1314.35714286,1029
1,1030,1451.0,1314.5,1030
1,1031,1554.0,1315.5,1031
1,1032,1461.94117647,1315.94117647,1032
1,1033,1308.96153846,1317.30769231,1033
1,1034,1464.22222222,1320.38888889,1034
1,1035,1472.875,1321.125,1035
1,1036,909.864864865,1322.7027027,1036
1,1037,915.6,1323.93333333,1037
1,1038,533.19047619,1324.85714286,1038
1,1039,642.5,1325.5,1039
1,1040,994.090909091,1325.90909091,1040
1,1041,1281.71875,1326.40625,1041
1,1042,1313.15625,1326.0625,1042
1,1043,635.257142857,1326.82857143,1043
1,1044,1452.90909091,1327.09090909,1044
1,1045,1463.33333333,1327.28571429,1045
1,1046,1571.08333333,1327.16666667,1046
1,1047,1412.09090909,1327.95454545,1047
1,1048,410.0,1330.17391304,1048
1,1049,1333.7826087,1329.91304348,1049
1,1050,1517.13333333,1329.53333333,1050
1,1051,1426.23529412,1331.05882353,1051
1,1052,1242.5483871,1332.38709677,1052
1,1053,1383.70833333,1332.29166667,1053
1,1054,1399.20689655,1331.86206897,1054
1,1055,690.466666667,1334.13333333,1055
1,1056,1314.0,1333.97222222,1056
1,1057,617.833333333,1336.0,1057
1,1058,623.666666667,1337.125,1058
1,1059,1275.09090909,1337.90909091,1059
1,1060,1355.28125,1338.15625,1060
1,1061,1380.75,1338.25,1061
1,1062,1541.25,1339.25,1062
1,1063,1444.69230769,1340.11538462,1063
1,1064,883.366666667,1342.63333333,1064
1,1065,1351.0952381,1343.0952381,1065
1,1066,517.782608696,1344.30434783,1066
1,1067,1397.925,1344.2,1067
1,1068,1485.0,1345.17391304,1068
1,1069,861.5,1345.5,1069
1,1070,1384.24,1346.04,1070
1,1071,998.625,1346.65625,1071
1,1072,421.1,1348.03333333,1072
1,1073,730.24137931,1349.75862069,1073
1,1074,1484.76,1349.8,1074
1,1075,444.086956522,1351.2173913,1075
1,1076,1423.625,1351.15625,1076
1,1077,1384.66666667,1352.85714286,1077
1,1078,918.647058824,1352.64705882,1078
1,1079,1350.25,1355.25,1079
1,1080,1533.5,1356.22222222,1080
1,1081,1473.96,1356.6,1081
1,1082,619.5,1357.77777778,1082
1,1083,685.766666667,1359.46666667,1083
1,1084,905.5,1358.55555556,1084
1,1085,498.727272727,1360.21212121,1085
1,1086,1409.44444444,1359.64444444,1086
1,1087,1490.34615385,1361.42307692,1087
1,1088,957.366666667,1362.36666667,1088
1,1089,1287.86363636,1362.0,1089
1,1090,516.0,1363.5,1090
1,1091,1593.0,1362.8,1091
1,1092,1333.21428571,1365.5,1092
1,1093,1538.0,1364.5,1093
1,1094,665.090909091,1366.09090909,1094
1,1095,1262.17391304,1366.0,1095
1,1096,1544.1875,1365.6875,1096
1,1097,1602.28571429,1366.5,1097
1,1098,1312.27777778,1367.11111111,1098
1,1099,1353.5,1367.5,1099
1,1100,1398.42857143,1367.38095238,1100
1,1101,1439.66666667,1366.41666667,1101
1,1102,1466.5862069,1367.65517241,1102
1,1103,538.333333333,1369.25,1103
1,1104,558.333333333,1369.44444444,1104
1,1105,1324.22641509,1369.26415094,1105
1,1106,1492.70833333,1369.0,1106
1,1107,1436.5,1369.71428571,1107
1,1108,689.708333333,1371.20833333,1108
1,1109,584.55,1372.9,1109
1,1110,1361.90909091,1372.90909091,1110
1,1111,1487.62068966,1372.93103448,1111
1,1112,1441.76190476,1375.61904762,1112
1,1113,451.117647059,1375.41176471,1113
1,1114,522.945945946,1375.59459459,1114
1,1115,1332.74074074,1375.59259259,1115
1,1116,1499.64705882,1375.52941176,1116
1,1117,539.742857143,1376.85714286,1117
1,1118,1536.35,1376.55,1118
1,1119,1585.61904762,1378.0,1119
1,1120,1363.5,1379.5,1120
1,1121,1516.71428571,1379.5,1121
1,1122,454.714285714,1379.60714286,1122
1,1123,618.076923077,1380.30769231,1123
1,1124,435.428571429,1382.38095238,1124
1,1125,903.461538462,1383.15384615,1125
1,1126,936.225806452,1385.87096774,1126
1,1127,1346.5,1384.8,1127
1,1128,1382.88,1385.68,1128
1,1129,1505.25,1386.25,1129
1,1130,1311.5862069,1387.44827586,1130
1,1131,952.5,1388.5,1131
1,1132,1341.76,1387.6,1132
1,1133,1361.65384615,1387.65384615,1133
1,1134,522.166666667,1389.125,1134
1,1135,924.358974359,1388.76923077,1135
1,1136,1471.44444444,1388.77777778,1136
1,1137,1583.12903226,1388.64516129,1137
1,1138,1426.5,1389.5,1138
1,1139,1547.9375,1389.25,1139
1,1140,1594.96,1389.4,1140
1,1141,1535.74193548,1391.03225806,1141
1,1142,1873.21428571,1390.57142857,1142
1,1143,537.043478261,1392.08695652,1143
1,1144,1376.41176471,1392.11764706,1144
1,1145,394.692307692,1393.03846154,1145
1,1146,464.6,1394.4,1146
1,1147,417.44,1394.6,1147
1,1148,1515.07407407,1395.96296296,1148
1,1149,510.464285714,1397.46428571,1149
1,1150,1319.76,1398.2,1150
1,1151,677.933333333,1400.06666667,1151
1,1152,687.088235294,1400.14705882,1152
1,1153,1369.33333333,1399.75,1153
1,1154,916.085714286,1400.57142857,1154
1,1155,1496.90909091,1401.36363636,1155
1,1156,910.4,1403.22857143,1156
1,1157,1492.10526316,1404.42105263,1157
1,1158,1355.5,1405.77777778,1158
1,1159,536.172413793,1407.10344828,1159
1,1160,658.944444444,1407.22222222,1160
1,1161,1322.73333333,1408.03333333,1161
1,1162,1508.89655172,1408.17241379,1162
1,1163,1475.86363636,1409.59090909,1163
1,1164,597.681818182,1410.36363636,1164
1,1165,1373.90909091,1411.09090909,1165
1,1166,1341.0,1413.5,1166
1,1167,538.0,1414.2,1167
1,1168,597.428571429,1413.95238095,1168
1,1169,560.857142857,1416.0,1169
1,1170,1440.76,1416.12,1170
1,1171,1407.09090909,1417.72727273,1171
1,1172,543.125,1423.0,1172
1,1173,1339.0,1423.0,1173
1,1174,1548.84615385,1422.61538462,1174
1,1175,665.4,1424.9,1175
1,1176,657.925925926,1427.40740741,1176
1,1177,556.0,1428.0,1177
1,1178,693.307692308,1428.46153846,1178
1,1179,929.103448276,1433.48275862,1179
1,1180,635.111111111,1433.7037037,1180
1,1181,1418.66666667,1434.66666667,1181
1,1182,1562.19047619,1433.95238095,1182
1,1183,1438.71428571,1437.07142857,1183
1,1184,1558.06666667,1436.6,1184
1,1185,1389.71875,1439.0,1185
1,1186,1323.03846154,1441.65384615,1186
1,1187,638.5,1442.0,1187
1,1188,1225.0,1443.5,1188
1,1189,1519.04,1445.76,1189
1,1190,1353.66666667,1447.47619048,1190
1,1191,1568.06451613,1446.90322581,1191
1,1192,1673.5483871,1447.58064516,1192
1,1193,1426.0,1449.0,1193
1,1194,1331.36666667,1450.36666667,1194
1,1195,1540.29166667,1450.0,1195
1,1196,1421.66666667,1450.80952381,1196
1,1197,1418.5,1452.66666667,1197
1,1198,1219.11764706,1453.41176471,1198
1,1199,1489.5,1453.0,1199
1,1200,1349.88235294,1458.58823529,1200
1,1201,1395.0,1458.0,1201
1,1202,984.5,1458.5,1202
1,1203,444.409090909,1460.45454545,1203
1,1204,518.108108108,1460.62162162,1204
1,1205,751.0,1459.8,1205
1,1206,590.117647059,1462.11764706,1206
1,1207,479.125,1463.875,1207
1,1208,1299.66666667,1464.11111111,1208
1,1209,1448.875,1466.875,1209
1,1210,1453.88888889,1466.77777778,1210
1,1211,614.4,1475.06666667,1211
1,1212,1429.32,1474.8,1212
1,1213,1443.5,1474.71428571,1213
1,1214,1510.0,1475.5,1214
1,1215,1492.2,1476.0,1215
1,1216,1921.76,1475.6,1216
1,1217,595.810810811,1477.24324324,1217
1,1218,1462.43243243,1479.05405405,1218
1,1219,601.695652174,1479.7826087,1219
1,1220,583.5,1482.08333333,1220
1,1221,1471.27272727,1482.95454545,1221
1,1222,498.833333333,1484.33333333,1222
1,1223,1340.54545455,1484.81818182,1223
1,1224,1370.92592593,1484.59259259,1224
1,1225,1431.9,1486.05,1225
1,1226,1382.0,1487.0,1226
1,1227,531.892857143,1488.03571429,1227
1,1228,970.5,1488.71428571,1228
1,1229,1488.9,1493.55,1229
1,1230,1454.125,1494.3125,1230
1,1231,1378.97222222,1495.91666667,1231
1,1232,622.125,1497.45833333,1232
1,1233,628.909090909,1498.09090909,1233
1,1234,613.884615385,1499.30769231,1234
1,1235,1051.47058824,1500.17647059,1235
1,1236,1428.2,1500.66666667,1236
1,1237,1453.19047619,1501.14285714,1237
1,1238,1366.63636364,1502.72727273,1238
1,1239,598.842105263,1504.15789474,1239
1,1240,640.578947368,1503.57894737,1240
1,1241,892.517241379,1504.10344828,1241
1,1242,281.5,1505.5,1242
1,1243,1414.08,1505.44,1243
1,1244,623.96,1507.24,1244
1,1245,712.928571429,1508.85714286,1245
1,1246,1378.5,1511.0,1246
1,1247,1439.0,1512.5,1247
1,1248,1457.54285714,1512.2,1248
1,1249,456.214285714,1515.5,1249
1,1250,585.95,1514.75,1250
1,1251,1419.5,1514.77777778,1251
1,1252,1269.22222222,1516.66666667,1252
1,1253,1345.96,1516.6,1253
1,1254,1395.79310345,1517.55172414,1254
1,1255,1315.5,1520.21428571,1255
1,1256,254.733333333,1522.06666667,1256
1,1257,601.1,1523.05,1257
1,1258,412.565217391,1525.91304348,1258
1,1259,571.5,1525.75,1259
1,1260,1406.17857143,1526.39285714,1260
1,1261,635.217391304,1527.86956522,1261
1,1262,549.095238095,1532.52380952,1262
1,1263,409.0,1535.33333333,1263
1,1264,577.382352941,1536.85294118,1264
1,1265,419.75,1542.6,1265
1,1266,521.708333333,1545.29166667,1266
1,1267,428.142857143,1548.80952381,1267
1,1268,551.25,1548.75,1268
1,1269,1397.1,1550.05,1269
1,1270,532.25,1551.25,1270
1,1271,1136.22222222,1551.19444444,1271
1,1272,525.421052632,1552.42105263,1272
1,1273,595.290322581,1551.4516129,1273
1,1274,485.777777778,1553.5,1274
1,1275,645.875,1558.66666667,1275
1,1276,1243.125,1560.125,1276
1,1277,1317.57142857,1559.67857143,1277
1,1278,461.071428571,1561.21428571,1278
1,1279,584.541666667,1561.625,1279
1,1280,589.913043478,1563.7826087,1280
1,1281,471.966666667,1564.73333333,1281
1,1282,1453.04,1564.6,1282
1,1283,601.5,1567.0,1283
1,1284,508.4,1568.96,1284
1,1285,1353.5,1570.0,1285
1,1286,1415.5,1570.0,1286
1,1287,1295.72727273,1571.5,1287
1,1288,1056.36842105,1575.13157895,1288
1,1289,588.428571429,1577.38095238,1289
1,1290,1887.64,1578.76,1290
1,1291,616.0,1579.5,1291
1,1292,698.083333333,1579.5,1292
1,1293,550.066666667,1582.73333333,1293
1,1294,1328.875,1583.075,1294
1,1295,576.913043478,1584.2173913,1295
1,1296,676.888888889,1585.94444444,1296
1,1297,628.8,1587.5,1297
1,1298,671.125,1587.125,1298
1,1299,1324.08,1587.2,1299
1,1300,917.9,1588.7,1300
1,1301,1414.2,1588.5,1301
1,1302,437.2,1589.5,1302
1,1303,528.086956522,1589.95652174,1303
1,1304,597.78125,1590.0625,1304
1,1305,1175.27777778,1590.16666667,1305
1,1306,614.0,1591.5,1306
1,1307,645.5,1593.0,1307
1,1308,1233.0,1593.0,1308
1,1309,463.148148148,1594.25925926,1309
1,1310,1271.60714286,1594.17857143,1310
1,1311,877.090909091,1596.90909091,1311
1,1312,1044.72727273,1597.54545455,1312
1,1313,625.5,1599.08333333,1313
1,1314,1421.5,1598.5,1314
1,1315,461.409090909,1600.04545455,1315
1,1316,1002.11111111,1599.2962963,1316
1,1317,1159.55555556,1599.40740741,1317
1,1318,639.925925926,1603.40740741,1318
1,1319,1035.79310345,1602.86206897,1319
1,1320,995.28,1602.88,1320
1,1321,1016.02941176,1604.02941176,1321
1,1322,995.1875,1607.0625,1322
1,1323,536.157894737,1606.84210526,1323
1,1324,1730.3125,1607.8125,1324
1,1325,968.0,1609.5,1325
1,1326,992.230769231,1609.57692308,1326
1,1327,637.954545455,1611.13636364,1327
1,1328,1256.0625,1611.9375,1328
1,1329,1272.52380952,1611.61904762,1329
1,1330,1400.63157895,1612.21052632,1330
1,1331,985.307692308,1613.07692308,1331
1,1332,1335.65625,1613.46875,1332
1,1333,421.814814815,1615.59259259,1333
1,1334,574.8,1614.44,1334
1,1335,1269.24137931,1615.06896552,1335
1,1336,748.2,1615.76,1336
1,1337,871.586206897,1615.62068966,1337
1,1338,823.96969697,1617.12121212,1338
1,1339,1301.74074074,1617.59259259,1339
1,1340,1330.15384615,1618.0,1340
1,1341,647.625,1619.0,1341
1,1342,1020.5,1620.0,1342
1,1343,1238.73333333,1620.33333333,1343
1,1344,643.045454545,1621.72727273,1344
1,1345,983.238095238,1621.38095238,1345
1,1346,1109.66666667,1622.56666667,1346
1,1347,865.033333333,1623.66666667,1347
1,1348,1907.16,1624.0,1348
1,1349,653.0,1625.0,1349
1,1350,1263.0,1625.34615385,1350
1,1351,625.428571429,1625.38095238,1351
1,1352,1227.5,1625.5,1352
1,1353,288.0,1627.0,1353
1,1354,1377.91304348,1629.95652174,1354
1,1355,914.0,1631.0,1355
1,1356,749.272727273,1631.95454545,1356
1,1357,1142.09090909,1632.09090909,1357
1,1358,519.090909091,1634.90909091,1358
1,1359,842.272727273,1635.5,1359
1,1360,928.28,1635.48,1360
1,1361,549.823529412,1638.17647059,1361
1,1362,1022.03571429,1638.03571429,1362
1,1363,1009.48717949,1638.35897436,1363
1,1364,1048.72413793,1638.4137931,1364
1,1365,1127.26666667,1639.1,1365
1,1366,678.473684211,1639.84210526,1366
1,1367,852.5,1639.78571429,1367
1,1368,931.9,1640.7,1368
1,1369,1102.08695652,1640.43478261,1369
1,1370,1242.40909091,1639.95454545,1370
1,1371,1256.84615385,1640.34615385,1371
1,1372,639.5,1641.5,1372
1,1373,1106.92592593,1640.40740741,1373
1,1374,1207.91304348,1641.7826087,1374
1,1375,1030.69565217,1641.56521739,1375
1,1376,1152.33333333,1642.0,1376
1,1377,1267.5,1643.5,1377
1,1378,574.958333333,1642.5625,1378
1,1379,632.888888889,1644.33333333,1379
1,1380,694.709677419,1643.4516129,1380
1,1381,1113.72727273,1645.5,1381
1,1382,923.428571429,1646.08571429,1382
1,1383,1083.0,1646.0,1383
1,1384,1133.88461538,1645.5,1384
1,1385,1138.1875,1645.8125,1385
1,1386,1322.66666667,1645.55555556,1386
1,1387,643.5,1647.0,1387
1,1388,752.129032258,1647.29032258,1388
1,1389,795.5,1647.27272727,1389
1,1390,1012.5,1647.2,1390
1,1391,1076.22222222,1648.0,1391
1,1392,1288.875,1648.66666667,1392
1,1393,1262.38461538,1649.61538462,1393
1,1394,575.5,1651.5,1394
1,1395,670.925925926,1651.40740741,1395
1,1396,985.76,1650.8,1396
1,1397,1332.0625,1651.0625,1397
1,1398,1001.0,1652.2,1398
1,1399,893.689655172,1653.44827586,1399
1,1400,698.19047619,1654.14285714,1400
1,1401,735.842105263,1654.15789474,1401
1,1402,1150.125,1654.125,1402
1,1403,723.928571429,1655.07142857,1403
1,1404,1054.81081081,1655.75675676,1404
1,1405,877.5,1656.77777778,1405
1,1406,899.761904762,1657.38095238,1406
1,1407,950.166666667,1657.45833333,1407
1,1408,664.842105263,1657.84210526,1408
1,1409,924.925925926,1660.40740741,1409
1,1410,995.785714286,1660.35714286,1410
1,1411,1351.11538462,1660.30769231,1411
1,1412,660.925925926,1661.40740741,1412
1,1413,1117.90909091,1660.90909091,1413
1,1414,1187.0,1661.0,1414
1,1415,1142.19047619,1662.14285714,1415
1,1416,580.294117647,1662.70588235,1416
1,1417,755.125,1662.79166667,1417
1,1418,1369.6,1663.28,1418
1,1419,701.7,1664.1,1419
1,1420,760.0,1664.2,1420
1,1421,1163.22222222,1664.5,1421
1,1422,644.0,1666.5,1422
1,1423,794.0,1666.17391304,1423
1,1424,1143.61904762,1667.0,1424
1,1425,1321.29166667,1666.95833333,1425
1,1426,842.777777778,1668.5,1426
1,1427,856.8,1668.5,1427
1,1428,730.130434783,1669.2173913,1428
1,1429,940.083333333,1668.54166667,1429
1,1430,997.0,1669.0,1430
1,1431,1159.95652174,1668.91304348,1431
1,1432,1163.84615385,1668.76923077,1432
1,1433,1332.52941176,1669.17647059,1433
1,1434,692.962962963,1670.40740741,1434
1,1435,930.0,1669.61904762,1435
1,1436,986.2,1670.7,1436
1,1437,1087.95833333,1669.875,1437
1,1438,1154.0,1670.0,1438
1,1439,1288.5,1670.0,1439
1,1440,1301.0,1669.38709677,1440
1,1441,656.826086957,1671.0,1441
1,1442,825.2,1671.0,1442
1,1443,958.0,1671.21052632,1443
1,1444,999.125,1672.875,1444
1,1445,1004.78947368,1673.36842105,1445
1,1446,733.5,1675.5,1446
1,1447,750.8,1675.5,1447
1,1448,1032.6,1675.04,1448
1,1449,1198.6,1674.17142857,1449
1,1450,1211.5,1675.22222222,1450
1,1451,657.909090909,1676.04545455,1451
1,1452,1053.5,1676.5,1452
1,1453,1235.5,1676.71428571,1453
1,1454,572.090909091,1677.90909091,1454
1,1455,856.2,1677.88,1455
1,1456,1202.0952381,1677.9047619,1456
1,1457,780.64,1678.88,1457
1,1458,663.25,1679.35714286,1458
1,1459,1096.21052632,1679.65789474,1459
1,1460,1258.2,1679.76,1460
1,1461,1330.0,1680.0,1461
1,1462,831.913043478,1681.7826087,1462
1,1463,1023.18181818,1680.81818182,1463
1,1464,633.578947368,1683.10526316,1464
1,1465,1144.78571429,1683.5,1465
1,1466,1151.66666667,1682.875,1466
1,1467,922.3,1684.1,1467
1,1468,1220.04166667,1684.0,1468
1,1469,1274.09090909,1683.90909091,1469
1,1470,642.25,1684.11363636,1470
1,1471,760.80952381,1685.04761905,1471
1,1472,1043.69230769,1684.76923077,1472
1,1473,1131.5,1684.5,1473
1,1474,1173.7826087,1684.60869565,1474
1,1475,793.526315789,1685.36842105,1475
1,1476,814.05,1686.25,1476
1,1477,878.9375,1685.84375,1477
1,1478,942.5,1685.5,1478
1,1479,1249.41176471,1686.11764706,1479
1,1480,1226.77777778,1687.2962963,1480
1,1481,839.815789474,1687.97368421,1481
1,1482,1095.72222222,1688.38888889,1482
1,1483,1173.1,1688.3,1483
1,1484,780.142857143,1689.5,1484
1,1485,785.32,1689.12,1485
1,1486,1400.23076923,1688.53846154,1486
1,1487,812.666666667,1690.2,1487
1,1488,1278.63636364,1689.54545455,1488
1,1489,1129.42105263,1691.10526316,1489
1,1490,1547.5,1691.5,1490
1,1491,1173.90909091,1691.90909091,1491
1,1492,624.5,1693.5,1492
1,1493,800.96,1693.4,1493
1,1494,1147.5,1693.5,1494
1,1495,1253.70833333,1693.0,1495
1,1496,1260.34375,1692.90625,1496
1,1497,739.5,1694.0,1497
1,1498,833.72,1693.68,1498
1,1499,1065.96296296,1694.40740741,1499
1,1500,951.576923077,1695.19230769,1500
1,1501,1335.67924528,1695.41509434,1501
1,1502,881.785714286,1695.5,1502
1,1503,1190.66666667,1696.11111111,1503
1,1504,1272.5,1696.5,1504
1,1505,1015.36842105,1696.89473684,1505
1,1506,1041.55172414,1696.93103448,1506
1,1507,1050.5,1698.0,1507
1,1508,1170.38461538,1697.38461538,1508
1,1509,1187.33333333,1698.37037037,1509
1,1510,1194.70833333,1698.0,1510
1,1511,818.275862069,1698.89655172,1511
1,1512,1148.71428571,1699.5,1512
1,1513,1262.11538462,1698.5,1513
1,1514,620.696969697,1700.36363636,1514
1,1515,768.9,1699.7,1515
1,1516,887.407407407,1699.74074074,1516
1,1517,648.0,1701.0,1517
1,1518,797.785714286,1701.07142857,1518
1,1519,938.3,1702.1,1519
1,1520,1043.9047619,1702.0952381,1520
1,1521,1254.05,1701.9,1521
1,1522,962.619047619,1703.0952381,1522
1,1523,923.5,1704.0,1523
1,1524,991.580645161,1703.74193548,1524
1,1525,1299.04761905,1703.80952381,1525
1,1526,807.222222222,1704.47222222,1526
1,1527,980.75,1704.5625,1527
1,1528,996.952380952,1705.19047619,1528
1,1529,785.6,1705.6,1529
1,1530,1047.75,1705.96428571,1530
1,1531,1108.03846154,1706.30769231,1531
1,1532,764.714285714,1707.5,1532
1,1533,1199.64705882,1705.76470588,1533
1,1534,1348.8,1707.5,1534
1,1535,1857.0,1708.2,1535
1,1536,733.25,1709.33333333,1536
1,1537,769.0,1709.33333333,1537
1,1538,1306.85,1708.75,1538
1,1539,712.5,1710.0,1539
1,1540,825.884615385,1710.5,1540
1,1541,860.4,1709.4,1541
1,1542,1273.84615385,1710.46153846,1542
1,1543,720.666666667,1710.875,1543
1,1544,881.2,1711.5,1544
1,1545,1050.96,1710.76,1545
1,1546,994.625,1712.4375,1546
1,1547,1194.59259259,1712.37037037,1547
1,1548,1309.14285714,1712.19047619,1548
1,1549,884.916666667,1712.91666667,1549
1,1550,936.315789474,1712.42105263,1550
1,1551,1200.05,1713.1,1551
1,1552,1103.77272727,1713.63636364,1552
1,1553,949.875,1714.66666667,1553
1,1554,1062.80952381,1714.95238095,1554
1,1555,997.588235294,1716.11764706,1555
1,1556,1249.68181818,1716.36363636,1556
1,1557,599.870967742,1716.70967742,1557
1,1558,760.953488372,1717.44186047,1558
1,1559,1424.7826087,1717.39130435,1559
1,1560,309.25,1717.66666667,1560
1,1561,643.5,1718.0,1561
1,1562,1106.9,1719.7,1562
1,1563,967.894736842,1720.36842105,1563
1,1564,971.857142857,1720.42857143,1564
1,1565,1269.75862069,1720.20689655,1565
1,1566,748.833333333,1721.125,1566
1,1567,844.733333333,1720.1,1567
1,1568,1394.5,1721.0,1568
1,1569,830.588235294,1722.11764706,1569
1,1570,919.95,1721.75,1570
1,1571,758.615384615,1723.61538462,1571
1,1572,762.578947368,1723.10526316,1572
1,1573,890.173913043,1724.0,1573
1,1574,1342.51724138,1724.24137931,1574
1,1575,698.4,1724.6,1575
1,1576,843.260869565,1724.95652174,1576
1,1577,998.647058824,1724.52941176,1577
1,1578,1008.12,1724.52,1578
1,1579,628.0,1726.0,1579
1,1580,641.642857143,1726.46428571,1580
1,1581,785.92,1725.56,1581
1,1582,821.6875,1726.5625,1582
1,1583,677.5,1726.71428571,1583
1,1584,1330.0,1726.5,1584
1,1585,810.724137931,1728.4137931,1585
1,1586,1117.0,1728.04166667,1586
1,1587,1050.38461538,1729.23076923,1587
1,1588,1088.2173913,1728.86956522,1588
1,1589,1415.88235294,1728.58823529,1589
1,1590,738.210526316,1729.63157895,1590
1,1591,855.666666667,1730.125,1591
1,1592,1061.77777778,1730.5,1592
1,1593,1121.5,1730.0,1593
1,1594,694.714285714,1731.5,1594
1,1595,831.322580645,1730.61290323,1595
1,1596,803.0,1731.82608696,1596
1,1597,1057.39130435,1732.0,1597
1,1598,1086.58333333,1732.75,1598
1,1599,1398.14285714,1733.19047619,1599
1,1600,630.931818182,1732.93181818,1600
1,1601,782.642857143,1733.21428571,1601
1,1602,937.954545455,1734.40909091,1602
1,1603,1413.5,1734.0,1603
1,1604,954.5,1734.71428571,1604
1,1605,975.068965517,1735.5862069,1605
1,1606,1146.84210526,1735.15789474,1606
1,1607,1317.25,1735.05,1607
1,1608,627.0,1737.1,1608
1,1609,584.882352941,1737.41176471,1609
1,1610,620.611111111,1737.27777778,1610
1,1611,858.619047619,1737.0,1611
1,1612,1074.72727273,1737.5,1612
1,1613,1337.31818182,1736.40909091,1613
1,1614,1004.64705882,1738.47058824,1614
1,1615,1142.25,1740.25,1615
1,1616,1147.75,1739.66666667,1616
1,1617,1334.43478261,1740.26086957,1617
1,1618,1343.96153846,1739.88461538,1618
1,1619,1378.0,1739.96551724,1619
1,1620,1674.0,1741.0,1620
1,1621,1057.5,1741.69230769,1621
1,1622,1280.25925926,1742.11111111,1622
1,1623,873.258064516,1743.41935484,1623
1,1624,1165.28125,1743.25,1624
1,1625,804.419354839,1743.5483871,1625
1,1626,819.391304348,1743.7826087,1626
1,1627,1180.53333333,1743.63333333,1627
1,1628,835.565217391,1744.39130435,1628
1,1629,839.55,1744.85,1629
1,1630,1048.3,1744.9,1630
1,1631,1286.0,1745.78947368,1631
1,1632,1322.875,1746.25,1632
1,1633,323.5,1746.0,1633
1,1634,780.352941176,1746.52941176,1634
1,1635,882.785714286,1746.5,1635
1,1636,1077.94117647,1746.17647059,1636
1,1637,1169.06666667,1746.6,1637
1,1638,1806.21428571,1745.64285714,1638
1,1639,975.272727273,1747.5,1639
1,1640,1252.86956522,1747.13043478,1640
1,1641,755.6,1748.4,1641
1,1642,937.117647059,1748.58823529,1642
1,1643,952.5,1748.0,1643
1,1644,422.740740741,1749.14814815,1644
1,1645,876.090909091,1749.36363636,1645
1,1646,992.117647059,1749.41176471,1646
1,1647,1149.5,1749.28571429,1647
1,1648,871.5,1749.5,1648
1,1649,1127.21052632,1749.63157895,1649
1,1650,959.833333333,1750.75,1650
1,1651,1011.6,1751.04,1651
1,1652,1026.70833333,1750.70833333,1652
1,1653,1123.4,1751.12,1653
1,1654,751.903225806,1752.0,1654
1,1655,1289.91666667,1752.08333333,1655
1,1656,934.947368421,1754.78947368,1656
1,1657,1005.78947368,1753.0,1657
1,1658,1051.76,1752.8,1658
1,1659,1191.84210526,1752.84210526,1659
1,1660,1285.0,1753.32142857,1660
1,1661,684.090909091,1754.09090909,1661
1,1662,898.0,1754.21052632,1662
1,1663,1175.0,1754.0,1663
1,1664,1303.67857143,1754.0,1664
1,1665,350.5,1755.5,1665
1,1666,772.5,1755.76923077,1666
1,1667,801.764705882,1756.41176471,1667
1,1668,1338.55172414,1755.68965517,1668
1,1669,795.6,1756.6,1669
1,1670,951.846153846,1756.92307692,1670
1,1671,979.125,1757.66666667,1671
1,1672,1005.90909091,1757.90909091,1672
1,1673,1134.8125,1757.0625,1673
1,1674,871.827586207,1759.10344828,1674
1,1675,1054.65,1759.3,1675
1,1676,1059.23333333,1759.13333333,1676
1,1677,1143.63157895,1759.0,1677
1,1678,1329.83333333,1758.72222222,1678
1,1679,776.962962963,1760.40740741,1679
1,1680,1122.77777778,1759.5,1680
1,1681,740.5,1761.0,1681
1,1682,914.555555556,1761.11111111,1682
1,1683,939.636363636,1760.90909091,1683
1,1684,1075.85185185,1760.59259259,1684
1,1685,1189.0,1761.13636364,1685
1,1686,800.869565217,1762.2173913,1686
1,1687,1013.85714286,1762.19047619,1687
1,1688,1250.5,1762.77777778,1688
1,1689,1270.59259259,1761.92592593,1689
1,1690,1112.35714286,1762.78571429,1690
1,1691,1745.15789474,1762.84210526,1691
1,1692,1849.13333333,1762.53333333,1692
1,1693,771.1,1763.7,1693
1,1694,978.090909091,1763.90909091,1694
1,1695,1087.33333333,1764.37037037,1695
1,1696,591.56,1765.08,1696
1,1697,751.44,1764.6,1697
1,1698,837.571428571,1765.0952381,1698
1,1699,874.6,1765.04,1699
1,1700,945.458333333,1765.25,1700
1,1701,996.05,1764.9,1701
1,1702,1138.15,1764.95,1702
1,1703,887.84375,1765.875,1703
1,1704,951.45,1765.8,1704
1,1705,858.166666667,1766.875,1705
1,1706,1143.77777778,1766.61111111,1706
1,1707,773.791666667,1767.79166667,1707
1,1708,808.5,1768.0,1708
1,1709,884.157894737,1769.31578947,1709
1,1710,1065.0,1769.0,1710
1,1711,1196.10526316,1769.42105263,1711
1,1712,1316.90909091,1768.90909091,1712
1,1713,1289.5,1770.28571429,1713
1,1714,944.0,1771.5,1714
1,1715,768.619047619,1772.0,1715
1,1716,900.111111111,1772.27777778,1716
1,1717,955.5,1772.0,1717
1,1718,895.2,1773.2,1718
1,1719,1130.66666667,1773.66666667,1719
1,1720,934.157894737,1773.84210526,1720
1,1721,1127.2,1773.7,1721
1,1722,1169.88888889,1774.05555556,1722
1,1723,635.5,1774.6,1723
1,1724,1097.5,1775.30769231,1724
1,1725,1329.6,1775.04,1725
1,1726,1155.95,1776.1,1726
1,1727,681.0,1778.0,1727
1,1728,1013.19047619,1778.14285714,1728
1,1729,1184.67647059,1777.91176471,1729
1,1730,1249.08333333,1778.08333333,1730
1,1731,980.35,1778.95,1731
1,1732,1086.125,1779.875,1732
1,1733,1160.2,1779.5,1733
1,1734,935.916666667,1780.83333333,1734
1,1735,1103.32258065,1781.09677419,1735
1,1736,1226.14285714,1780.80952381,1736
1,1737,1004.5,1782.2,1737
1,1738,1035.24,1781.72,1738
1,1739,1813.38461538,1782.38461538,1739
1,1740,1082.89285714,1783.10714286,1740
1,1741,1253.0,1783.0,1741
1,1742,1306.8,1783.24,1742
1,1743,949.1,1784.1,1743
1,1744,1014.65,1784.75,1744
1,1745,721.380952381,1785.80952381,1745
1,1746,1033.05,1785.3,1746
1,1747,1282.09090909,1785.90909091,1747
1,1748,732.285714286,1786.61904762,1748
1,1749,1058.25,1787.375,1749
1,1750,1087.75,1787.75,1750
1,1751,1098.23809524,1788.0952381,1751
1,1752,1138.3,1788.1,1752
1,1753,1016.24324324,1789.24324324,1753
1,1754,1252.76470588,1789.05882353,1754
1,1755,777.184210526,1791.0,1755
1,1756,1054.48,1790.56,1756
1,1757,1109.14285714,1790.80952381,1757
1,1758,1358.88888889,1791.48148148,1758
1,1759,971.041666667,1792.04166667,1759
1,1760,757.473684211,1793.15789474,1760
1,1761,835.75,1793.375,1761
1,1762,1029.57142857,1793.76190476,1762
1,1763,1145.11764706,1792.58823529,1763
1,1764,1318.81481481,1793.18518519,1764
1,1765,859.0,1794.25806452,1765
1,1766,993.5,1794.28571429,1766
1,1767,863.391304348,1795.56521739,1767
1,1768,1024.11764706,1795.05882353,1768
1,1769,1050.96153846,1795.11538462,1769
1,1770,1337.375,1795.25,1770
1,1771,1936.8,1795.5,1771
1,1772,867.925925926,1796.40740741,1772
1,1773,1101.75,1796.375,1773
1,1774,1295.66666667,1795.875,1774
1,1775,1044.19230769,1796.80769231,1775
1,1776,716.5,1797.6,1776
1,1777,1286.39393939,1798.81818182,1777
1,1778,1011.80952381,1799.04761905,1778
1,1779,1073.21052632,1799.05263158,1779
1,1780,1080.6,1798.4,1780
1,1781,1307.26923077,1798.88461538,1781
1,1782,902.055555556,1799.88888889,1782
1,1783,1018.15384615,1800.0,1783
1,1784,1029.05,1799.75,1784
1,1785,764.1875,1799.75,1785
1,1786,1059.125,1801.125,1786
1,1787,1196.63636364,1801.40909091,1787
1,1788,964.272727273,1801.81818182,1788
1,1789,801.055555556,1802.77777778,1789
1,1790,648.9,1804.7,1790
1,1791,1091.0,1804.66666667,1791
1,1792,627.222222222,1804.86111111,1792
1,1793,1366.30434783,1806.08695652,1793
1,1794,1399.9,1806.45,1794
1,1795,691.5,1807.28571429,1795
1,1796,1238.375,1807.625,1796
1,1797,1288.0,1808.5,1797
1,1798,1217.8,1811.5,1798
1,1799,1859.88571429,1811.11428571,1799
1,1800,852.5,1812.77777778,1800
1,1801,1021.09090909,1813.90909091,1801
1,1802,1225.5,1813.77777778,1802
1,1803,865.0,1815.82608696,1803
1,1804,1281.0,1816.0,1804
1,1805,1339.25,1816.33333333,1805
1,1806,589.125,1818.33333333,1806
1,1807,1231.63157895,1818.52631579,1807
1,1808,1285.14285714,1818.19047619,1808
1,1809,1391.04,1818.4,1809
1,1810,1102.15789474,1818.84210526,1810
1,1811,643.5,1820.27272727,1811
1,1812,1185.64705882,1820.0,1812
1,1813,770.375,1821.5625,1813
1,1814,811.210526316,1821.0,1814
1,1815,965.461538462,1821.23076923,1815
1,1816,1340.09090909,1820.90909091,1816
1,1817,981.75,1822.25,1817
1,1818,1159.81818182,1821.68181818,1818
1,1819,827.5,1823.77777778,1819
1,1820,1233.05,1823.75,1820
1,1821,1327.57142857,1824.07142857,1821
1,1822,1122.4137931,1825.55172414,1822
1,1823,719.083333333,1826.5,1823
1,1824,1021.21052632,1826.0,1824
1,1825,1002.66666667,1827.0,1825
1,1826,773.842105263,1828.15789474,1826
1,1827,804.6875,1828.1875,1827
1,1828,808.421052632,1828.10526316,1828
1,1829,1091.11111111,1830.27777778,1829
1,1830,784.5,1832.0,1830
1,1831,1242.72727273,1833.5,1831
1,1832,1258.21052632,1834.0,1832
1,1833,646.0,1834.82608696,1833
1,1834,962.727272727,1836.27272727,1834
1,1835,1004.86666667,1836.53333333,1835
1,1836,1082.57894737,1835.89473684,1836
1,1837,955.5,1838.2,1837
1,1838,992.5,1838.28571429,1838
1,1839,1154.77777778,1837.5,1839
1,1840,1073.96296296,1840.59259259,1840
1,1841,1830.5,1841.66666667,1841
1,1842,736.0,1844.86363636,1842
1,1843,995.8,1845.0,1843
1,1844,1266.52173913,1844.95652174,1844
1,1845,941.636363636,1846.09090909,1845
1,1846,1106.91304348,1845.47826087,1846
1,1847,772.526315789,1847.36842105,1847
1,1848,1033.73684211,1847.36842105,1848
1,1849,1128.0,1846.5,1849
1,1850,1261.5,1847.90909091,1850
1,1851,1876.38461538,1848.07692308,1851
1,1852,949.5,1849.22222222,1852
1,1853,1009.5,1848.5,1853
1,1854,1088.52631579,1849.63157895,1854
1,1855,960.411764706,1849.88235294,1855
1,1856,1121.57894737,1850.10526316,1856
1,1857,1086.76923077,1852.76923077,1857
1,1858,1168.29166667,1852.0,1858
1,1859,1347.5,1852.30769231,1859
1,1860,1236.35483871,1852.96774194,1860
1,1861,847.4,1854.04,1861
1,1862,875.5,1855.22222222,1862
1,1863,960.875,1855.125,1863
1,1864,739.80952381,1855.85714286,1864
1,1865,1146.31578947,1855.84210526,1865
1,1866,668.8,1858.06666667,1866
1,1867,674.3,1857.1,1867
1,1868,1197.5,1857.0,1868
1,1869,1313.0,1856.82608696,1869
1,1870,1331.65306122,1855.34693878,1870
1,1871,1000.8,1858.24,1871
1,1872,1101.09090909,1858.09090909,1872
1,1873,1130.81818182,1858.31818182,1873
1,1874,1335.4,1857.56,1874
1,1875,1204.77777778,1859.5,1875
1,1876,893.208333333,1860.66666667,1876
1,1877,1016.26086957,1859.95652174,1877
1,1878,1108.70967742,1859.80645161,1878
1,1879,1180.0,1859.5,1879
1,1880,1185.84210526,1859.84210526,1880
1,1881,947.52,1860.64,1881
1,1882,1168.39393939,1861.51515152,1882
1,1883,795.333333333,1862.66666667,1883
1,1884,1050.53846154,1862.61538462,1884
1,1885,1335.75,1864.16666667,1885
1,1886,840.358974359,1865.28205128,1886
1,1887,1015.40740741,1865.81481481,1887
1,1888,1069.08,1866.44,1888
1,1889,1090.78571429,1866.35714286,1889
1,1890,1103.4,1865.92,1890
1,1891,1159.0,1865.5,1891
1,1892,1310.57142857,1865.61904762,1892
1,1893,791.967741935,1867.19354839,1893
1,1894,930.372093023,1867.09302326,1894
1,1895,1057.27272727,1867.5,1895
1,1896,876.08,1867.96,1896
1,1897,735.0,1869.0,1897
1,1898,1040.96,1868.56,1898
1,1899,1150.39130435,1869.04347826,1899
1,1900,806.272727273,1869.95454545,1900
1,1901,826.785714286,1870.64285714,1901
1,1902,942.611111111,1869.94444444,1902
1,1903,985.285714286,1871.5,1903
1,1904,1228.125,1871.33333333,1904
1,1905,1832.5,1871.5,1905
1,1906,794.875,1871.875,1906
1,1907,957.344827586,1871.89655172,1907
1,1908,1092.33333333,1871.85714286,1908
1,1909,1159.78571429,1871.64285714,1909
1,1910,868.25,1872.75,1910
1,1911,945.038461538,1873.88461538,1911
1,1912,1113.90909091,1873.09090909,1912
1,1913,970.0,1875.8,1913
1,1914,1168.76923077,1875.69230769,1914
1,1915,1279.84,1875.88,1915
1,1916,806.5,1876.5,1916
1,1917,845.125,1876.66666667,1917
1,1918,1043.39130435,1877.2173913,1918
1,1919,1321.51851852,1877.11111111,1919
1,1920,911.357142857,1878.39285714,1920
1,1921,1113.75,1877.75,1921
1,1922,1184.5862069,1878.55172414,1922
1,1923,1315.2972973,1878.0,1923
1,1924,755.5,1879.5,1924
1,1925,939.384615385,1878.92307692,1925
1,1926,1024.64,1879.4,1926
1,1927,1129.58064516,1878.5483871,1927
1,1928,1176.65,1879.4,1928
1,1929,1870.5862069,1879.03448276,1929
1,1930,1011.5,1880.5,1930
1,1931,1328.33333333,1879.875,1931
1,1932,872.894736842,1881.0,1932
1,1933,996.157894737,1880.84210526,1933
1,1934,1848.56666667,1880.83333333,1934
1,1935,827.925925926,1881.59259259,1935
1,1936,915.178571429,1881.57142857,1936
1,1937,1121.45833333,1882.08333333,1937
1,1938,725.52,1882.88,1938
1,1939,1135.2173913,1882.60869565,1939
1,1940,906.095238095,1884.0952381,1940
1,1941,1055.10344828,1884.17241379,1941
1,1942,845.4,1884.75,1942
1,1943,1022.5,1884.5,1943
1,1944,920.0,1886.0,1944
1,1945,1068.11538462,1885.69230769,1945
1,1946,1211.08,1885.8,1946
1,1947,1239.14285714,1885.35714286,1947
1,1948,1249.5,1885.5,1948
1,1949,1046.5,1887.0,1949
1,1950,1151.67857143,1887.5,1950
1,1951,805.666666667,1888.25,1951
1,1952,888.173913043,1888.0,1952
1,1953,908.869565217,1887.69565217,1953
1,1954,954.5,1888.0,1954
1,1955,1125.36363636,1888.39393939,1955
1,1956,1216.03448276,1887.68965517,1956
1,1957,923.810810811,1889.08108108,1957
1,1958,933.545454545,1888.09090909,1958
1,1959,1037.48148148,1889.11111111,1959
1,1960,892.411764706,1889.88235294,1960
1,1961,833.708333333,1891.0,1961
1,1962,1091.09090909,1890.90909091,1962
1,1963,1135.38461538,1891.38461538,1963
1,1964,1748.32142857,1891.82142857,1964
1,1965,854.352941176,1893.47058824,1965
1,1966,962.653846154,1892.65384615,1966
1,1967,1104.5,1893.0,1967
1,1968,1277.54545455,1892.68181818,1968
1,1969,1022.0,1893.64705882,1969
1,1970,1147.61538462,1894.38461538,1970
1,1971,738.5,1896.2,1971
1,1972,858.935483871,1896.35483871,1972
1,1973,868.0,1896.5,1973
1,1974,983.769230769,1895.84615385,1974
1,1975,1164.89655172,1895.82758621,1975
1,1976,1278.44,1896.8,1976
1,1977,815.909090909,1896.90909091,1977
1,1978,1067.83333333,1897.5,1978
1,1979,959.724137931,1897.65517241,1979
1,1980,1337.23076923,1898.38461538,1980
1,1981,558.333333333,1899.5,1981
1,1982,919.235294118,1897.88235294,1982
1,1983,1218.66666667,1898.6,1983
1,1984,1897.91304348,1898.65217391,1984
1,1985,734.583333333,1899.41666667,1985
1,1986,1020.24,1900.2,1986
1,1987,1185.40740741,1900.07407407,1987
1,1988,1237.25806452,1899.5483871,1988
1,1989,531.448275862,1900.48275862,1989
1,1990,860.058823529,1901.0,1990
1,1991,973.35,1900.8,1991
1,1992,1173.125,1901.16666667,1992
1,1993,917.055555556,1904.64814815,1993
1,1994,975.5,1904.4,1994
1,1995,1184.5,1904.28571429,1995
1,1996,1251.96774194,1903.67741935,1996
1,1997,871.806451613,1905.5483871,1997
1,1998,1070.3125,1905.125,1998
1,1999,1279.75,1904.67857143,1999
1,2000,1301.63636364,1904.90909091,2000
1,2001,1354.36363636,1905.45454545,2001
1,2002,738.0,1906.0,2002
1,2003,763.5,1906.77777778,2003
1,2004,855.888888889,1906.66666667,2004
1,2005,867.5,1907.0,2005
1,2006,911.65,1907.05,2006
1,2007,1776.5,1906.70588235,2007
1,2008,849.636363636,1907.86363636,2008
1,2009,935.407407407,1908.07407407,2009
1,2010,1187.85714286,1908.0,2010
1,2011,1911.70833333,1908.04166667,2011
1,2012,900.852941176,1909.29411765,2012
1,2013,1149.5,1909.0,2013
1,2014,963.5,1910.0,2014
1,2015,858.375,1910.84375,2015
1,2016,885.947368421,1911.36842105,2016
1,2017,909.678571429,1911.28571429,2017
1,2018,953.08,1911.44,2018
1,2019,978.0,1912.13636364,2019
1,2020,891.44,1913.08,2020
1,2021,958.5,1913.23333333,2021
1,2022,1108.0,1914.0,2022
1,2023,1074.33333333,1913.53333333,2023
1,2024,1154.92592593,1914.40740741,2024
1,2025,1008.72727273,1915.5,2025
1,2026,1063.43478261,1914.82608696,2026
1,2027,837.875,1917.33333333,2027
1,2028,948.424242424,1919.24242424,2028
1,2029,957.574468085,1918.87234043,2029
1,2030,1207.375,1919.15625,2030
1,2031,1141.38888889,1919.83333333,2031
1,2032,1177.25,1920.375,2032
1,2033,744.95,1922.1,2033
1,2034,849.578947368,1921.57894737,2034
1,2035,860.178571429,1922.39285714,2035
1,2036,759.217391304,1922.7826087,2036
1,2037,791.0,1923.0,2037
1,2038,812.090909091,1922.90909091,2038
1,2039,880.181818182,1922.54545455,2039
1,2040,925.0,1923.0,2040
1,2041,753.0,1923.5,2041
1,2042,844.172413793,1924.24137931,2042
1,2043,871.4375,1923.59375,2043
1,2044,1127.2962963,1924.33333333,2044
1,2045,1140.30769231,1924.03846154,2045
1,2046,895.5,1925.0,2046
1,2047,963.15,1925.2,2047
1,2048,1074.21052632,1925.36842105,2048
1,2049,1147.29166667,1925.0,2049
1,2050,1199.31428571,1924.91428571,2050
1,2051,942.958333333,1925.83333333,2051
1,2052,977.588235294,1925.88235294,2052
1,2053,958.814814815,1927.14814815,2053
1,2054,1239.83333333,1927.11111111,2054
1,2055,1133.125,1927.83333333,2055
1,2056,1867.7826087,1927.86956522,2056
1,2057,799.65,1929.15,2057
1,2058,999.608695652,1928.95652174,2058
1,2059,1261.64705882,1930.52941176,2059
1,2060,863.967741935,1931.12903226,2060
1,2061,1193.28571429,1931.5,2061
1,2062,1200.22222222,1931.5,2062
1,2063,796.24,1932.2,2063
1,2064,932.387096774,1933.87096774,2064
1,2065,943.612903226,1934.74193548,2065
1,2066,962.117647059,1933.58823529,2066
1,2067,1104.125,1934.875,2067
1,2068,990.0,1936.89473684,2068
1,2069,666.157894737,1938.15789474,2069
1,2070,1060.5,1937.5,2070
1,2071,927.75,1939.25,2071
1,2072,1097.23076923,1938.5,2072
1,2073,1013.41176471,1941.11764706,2073
1,2074,1118.08,1941.44,2074
1,2075,1245.5,1941.22222222,2075
1,2076,1667.5,1941.28571429,2076
1,2077,1065.91304348,1941.95652174,2077
1,2078,838.523809524,1945.14285714,2078
1,2079,1054.33333333,1945.53333333,2079
1,2080,1220.22222222,1947.5,2080
1,2081,485.666666667,1949.2,2081
1,2082,1111.39130435,1949.2173913,2082
1,2083,1042.30769231,1950.03846154,2083
1,2084,952.612903226,1952.25806452,2084
1,2085,1052.61538462,1952.38461538,2085
1,2086,902.08,1953.2,2086
1,2087,1346.3125,1952.8125,2087
1,2088,1669.55555556,1952.66666667,2088
1,2089,821.5,1955.5,2089
1,2090,985.76,1954.8,2090
1,2091,1251.2,1956.4,2091
1,2092,920.481481481,1957.88888889,2092
1,2093,949.6,1959.04,2093
1,2094,483.636363636,1960.09090909,2094
1,2095,851.5,1960.08333333,2095
1,2096,971.952380952,1959.80952381,2096
1,2097,840.708333333,1961.0,2097
1,2098,988.727272727,1960.95454545,2098
1,2099,1022.125,1960.875,2099
1,2100,1046.25,1961.75,2100
1,2101,1090.46666667,1961.86666667,2101
1,2102,1302.67741935,1961.70967742,2102
1,2103,876.470588235,1963.35294118,2103
1,2104,1087.0,1963.0,2104
1,2105,1346.32142857,1963.17857143,2105
1,2106,1160.09756098,1964.3902439,2106
1,2107,913.652173913,1965.08695652,2107
1,2108,1131.18181818,1965.27272727,2108
1,2109,1197.08695652,1965.13043478,2109
1,2110,922.384615385,1965.61538462,2110
1,2111,769.2,1967.0,2111
1,2112,1154.66666667,1968.04761905,2112
1,2113,1204.37931034,1967.89655172,2113
1,2114,1005.09090909,1969.09090909,2114
1,2115,1019.5,1968.5,2115
1,2116,1227.5,1969.8,2116
1,2117,941.0,1971.0,2117
1,2118,1132.5,1971.5,2118
1,2119,1247.88888889,1971.33333333,2119
1,2120,823.230769231,1972.69230769,2120
1,2121,1257.09090909,1972.90909091,2121
1,2122,936.0,1973.5,2122
1,2123,1208.70967742,1974.83870968,2123
1,2124,1064.94444444,1974.77777778,2124
1,2125,542.3,1975.73333333,2125
1,2126,1915.75,1975.58333333,2126
1,2127,893.5,1977.0,2127
1,2128,1370.2,1976.24,2128
1,2129,911.181818182,1977.68181818,2129
1,2130,1336.41176471,1977.58823529,2130
1,2131,1214.57142857,1978.96428571,2131
1,2132,1242.84210526,1978.84210526,2132
1,2133,1089.60526316,1979.65789474,2133
1,2134,1109.79166667,1980.25,2134
1,2135,1148.54166667,1980.25,2135
1,2136,953.344827586,1982.27586207,2136
1,2137,988.5,1982.5,2137
1,2138,1189.16666667,1982.06666667,2138
1,2139,843.925925926,1982.59259259,2139
1,2140,1213.60869565,1983.65217391,2140
1,2141,1258.4,1983.96,2141
1,2142,1628.04761905,1984.23809524,2142
1,2143,1179.0,1985.35294118,2143
1,2144,1913.92,1985.56,2144
1,2145,1266.44444444,1986.77777778,2145
1,2146,1357.91666667,1986.33333333,2146
1,2147,908.222222222,1986.96296296,2147
1,2148,1037.28571429,1987.5,2148
1,2149,940.090909091,1988.09090909,2149
1,2150,960.608695652,1988.2173913,2150
1,2151,1078.57142857,1988.0952381,2151
1,2152,877.19047619,1991.14285714,2152
1,2153,1069.0,1993.13636364,2153
1,2154,1145.9047619,1992.9047619,2154
1,2155,1168.36842105,1992.52631579,2155
1,2156,936.875,1994.125,2156
1,2157,1224.2,1993.66666667,2157
1,2158,1017.0,1995.5,2158
1,2159,1191.70833333,1996.29166667,2159
1,2160,867.0,1997.0,2160
1,2161,948.0,1997.20689655,2161
1,2162,963.0,1997.5,2162
1,2163,1169.5,1996.77777778,2163
1,2164,848.75,1998.58333333,2164
1,2165,1201.84210526,1997.55263158,2165
1,2166,976.909090909,2002.90909091,2166
1,2167,1094.05555556,2004.77777778,2167
1,2168,1213.95,2004.6,2168
1,2169,1301.88571429,2005.37142857,2169
1,2170,1314.51515152,2008.0,2170
1,2171,875.333333333,2010.73333333,2171
1,2172,1142.07692308,2013.69230769,2172
1,2173,941.259259259,2015.44444444,2173
1,2174,1180.66666667,2015.125,2174
1,2175,931.791666667,2015.54166667,2175
1,2176,1142.83333333,2016.91666667,2176
1,2177,1240.57142857,2016.85714286,2177
1,2178,828.0,2020.79310345,2178
1,2179,1074.54545455,2022.13636364,2179
1,2180,1148.09090909,2022.09090909,2180
1,2181,882.307692308,2023.80769231,2181
1,2182,877.166666667,2025.125,2182
1,2183,942.666666667,2025.125,2183
1,2184,806.0,2027.5,2184
1,2185,853.916666667,2028.66666667,2185
1,2186,805.411764706,2033.11764706,2186
1,2187,916.928571429,2032.80952381,2187
1,2188,1134.125,2033.45833333,2188
1,2189,906.428571429,2037.61904762,2189
1,2190,838.055555556,2038.22222222,2190
1,2191,943.363636364,2038.09090909,2191
1,2192,829.24,2039.64,2192
1,2193,1196.21052632,2040.05263158,2193
1,2194,833.1,2042.05,2194
1,2195,857.75,2043.25,2195
1,2196,913.25,2043.41666667,2196
1,2197,1263.77777778,2043.5,2197
1,2198,920.285714286,2042.94285714,2198
1,2199,941.291666667,2044.0,2199
1,2200,935.76,2044.8,2200
1,2201,870.222222222,2046.05555556,2201
1,2202,893.391304348,2049.52173913,2202
1,2203,959.869565217,2051.2173913,2203
1,2204,1796.33333333,2051.26666667,2204
1,2205,940.421052632,2051.89473684,2205
1,2206,827.5,2054.5,2206
1,2207,934.083333333,2055.16666667,2207
1,2208,817.117647059,2055.58823529,2208
1,2209,1102.0,2056.0,2209
1,2210,523.813953488,2059.1627907,2210
1,2211,863.666666667,2059.125,2211
1,2212,926.291666667,2058.70833333,2212
1,2213,850.958333333,2059.16666667,2213
1,2214,824.291666667,2060.58333333,2214
1,2215,849.678571429,2063.85714286,2215
1,2216,869.884615385,2061.69230769,2216
1,2217,988.083333333,2065.08333333,2217
1,2218,889.380952381,2067.0,2218
1,2219,933.777777778,2066.81481481,2219
1,2220,941.0,2067.5,2220
1,2221,1159.5483871,2067.29032258,2221
1,2222,971.928571429,2070.46428571,2222
1,2223,1257.9,2070.05,2223
1,2224,830.666666667,2070.73333333,2224
1,2225,836.5,2071.27272727,2225
1,2226,884.172413793,2074.17241379,2226
1,2227,1101.0,2076.82608696,2227
1,2228,1177.22222222,2077.0,2228
1,2229,858.727272727,2079.5,2229
1,2230,834.666666667,2081.91666667,2230
1,2231,1169.48387097,2083.38709677,2231
1,2232,907.633333333,2087.36666667,2232
1,2233,903.111111111,2091.72222222,2233
1,2234,825.24,2094.2,2234
1,2235,849.888888889,2094.96296296,2235
1,2236,839.875,2097.125,2236
1,2237,1181.92,2097.44,2237
1,2238,1219.07407407,2097.59259259,2238
1,2239,457.333333333,2098.0,2239
1,2240,1058.5,2098.22222222,2240
1,2241,1198.34375,2099.15625,2241
1,2242,794.153846154,2100.0,2242
1,2243,903.789473684,2100.63157895,2243
1,2244,1098.5625,2101.375,2244
1,2245,1124.38095238,2101.04761905,2245
1,2246,1031.72727273,2102.0,2246
1,2247,1221.0,2102.0,2247
1,2248,864.730769231,2102.65384615,2248
1,2249,1014.15789474,2103.84210526,2249
1,2250,1042.82608696,2103.56521739,2250
1,2251,848.477272727,2104.43181818,2251
1,2252,841.0,2107.0,2252
1,2253,858.636363636,2107.09090909,2253
1,2254,1221.5862069,2106.72413793,2254
1,2255,862.5,2110.0,2255
1,2256,1109.95833333,2111.54166667,2256
1,2257,839.12,2115.96,2257
1,2258,881.285714286,2117.0,2258
1,2259,1233.5,2117.23076923,2259
1,2260,809.588235294,2117.29411765,2260
1,2261,1090.42857143,2117.61904762,2261
1,2262,1221.27777778,2118.11111111,2262
1,2263,1264.63636364,2117.68181818,2263
1,2264,1169.90909091,2118.78787879,2264
1,2265,1202.46666667,2119.6,2265
1,2266,1191.93333333,2120.42222222,2266
1,2267,1057.29411765,2121.35294118,2267
1,2268,1256.44444444,2121.40740741,2268
1,2269,917.269230769,2124.96153846,2269
1,2270,1578.86111111,2125.38888889,2270
1,2271,1197.38461538,2126.61538462,2271
1,2272,915.4,2128.76,2272
1,2273,1094.25,2128.45833333,2273
1,2274,1221.66666667,2130.5,2274
1,2275,845.235294118,2130.23529412,2275
1,2276,881.0,2130.5,2276
1,2277,1038.06666667,2130.4,2277
1,2278,1292.38461538,2130.61538462,2278
1,2279,839.827586207,2132.37931034,2279
1,2280,1238.96,2131.76,2280
1,2281,942.086956522,2132.7826087,2281
1,2282,1244.09090909,2133.09090909,2282
1,2283,897.666666667,2134.0,2283
1,2284,1163.73684211,2135.15789474,2284
1,2285,1285.17948718,2136.17948718,2285
1,2286,1155.09090909,2136.63636364,2286
1,2287,1216.90909091,2136.63636364,2287
1,2288,1223.68,2136.88,2288
1,2289,1276.36842105,2137.47368421,2289
1,2290,956.785714286,2139.5,2290
1,2291,1160.82142857,2138.82142857,2291
1,2292,1174.76923077,2138.84615385,2292
1,2293,1226.86666667,2139.53333333,2293
1,2294,1143.24137931,2140.0,2294
1,2295,736.384615385,2141.76923077,2295
1,2296,1165.83333333,2143.25,2296
1,2297,812.083333333,2143.91666667,2297
1,2298,1102.11538462,2143.69230769,2298
1,2299,918.210526316,2145.36842105,2299
1,2300,1038.2,2145.5,2300
1,2301,1171.24,2145.04,2301
1,2302,1198.0,2145.13636364,2302
1,2303,1252.0952381,2145.42857143,2303
1,2304,1167.5,2147.5,2304
1,2305,768.375,2149.125,2305
1,2306,1069.0,2148.64705882,2306
1,2307,1243.0,2148.82608696,2307
1,2308,885.956521739,2149.39130435,2308
1,2309,917.0,2150.17391304,2309
1,2310,789.777777778,2151.48888889,2310
1,2311,1177.43478261,2152.82608696,2311
1,2312,920.95,2155.4,2312
1,2313,881.03030303,2155.81818182,2313
1,2314,1191.92857143,2156.04761905,2314
1,2315,905.774193548,2156.32258065,2315
1,2316,784.875,2160.54166667,2316
1,2317,926.928571429,2160.07142857,2317
1,2318,1049.60869565,2159.95652174,2318
1,2319,847.173913043,2160.86956522,2319
1,2320,1055.85714286,2161.19047619,2320
1,2321,1084.04,2162.44,2321
1,2322,1168.43243243,2162.83783784,2322
1,2323,793.090909091,2164.90909091,2323
1,2324,1104.90909091,2166.63636364,2324
1,2325,1202.08695652,2168.2173913,2325
1,2326,909.285714286,2169.5,2326
1,2327,1066.5,2169.11538462,2327
1,2328,1267.19047619,2168.95238095,2328
1,2329,1078.4375,2169.625,2329
1,2330,1167.91176471,2170.02941176,2330
1,2331,903.444444444,2170.88888889,2331
1,2332,1039.21428571,2171.5,2332
1,2333,1082.42105263,2171.10526316,2333
1,2334,1195.3,2170.5,2334
1,2335,1249.61538462,2171.5,2335
1,2336,925.04,2173.4,2336
1,2337,1141.63636364,2173.09090909,2337
1,2338,1289.58333333,2172.91666667,2338
1,2339,1193.11764706,2174.41176471,2339
1,2340,861.95,2177.1,2340
1,2341,1033.35,2181.7,2341
1,2342,841.357142857,2183.46428571,2342
1,2343,864.230769231,2185.15384615,2343
1,2344,1074.66666667,2184.88888889,2344
1,2345,846.323529412,2185.61764706,2345
1,2346,1149.0,2187.5,2346
1,2347,826.838709677,2189.93548387,2347
1,2348,857.08,2190.56,2348
1,2349,1042.42105263,2190.10526316,2349
1,2350,1181.83333333,2191.11111111,2350
1,2351,1214.55172414,2193.24137931,2351
1,2352,1070.56521739,2193.91304348,2352
1,2353,848.826086957,2195.0,2353
1,2354,1051.77777778,2195.5,2354
1,2355,1075.95833333,2194.66666667,2355
1,2356,1167.51851852,2197.11111111,2356
1,2357,1257.38095238,2197.0,2357
1,2358,883.090909091,2198.09090909,2358
1,2359,1072.66666667,2197.73333333,2359
1,2360,874.085714286,2200.42857143,2360
1,2361,1136.70588235,2200.41176471,2361
1,2362,914.384615385,2202.34615385,2362
1,2363,1244.5,2202.5,2363
1,2364,814.055555556,2202.77777778,2364
1,2365,1107.5,2203.5,2365
1,2366,1057.3,2204.3,2366
1,2367,1139.72413793,2203.82758621,2367
1,2368,1211.5,2205.38461538,2368
1,2369,1222.83783784,2205.16216216,2369
1,2370,1284.65384615,2208.0,2370
1,2371,1246.6,2209.44,2371
1,2372,753.0,2211.5,2372
1,2373,764.458333333,2212.75,2373
1,2374,1180.09090909,2212.09090909,2374
1,2375,1205.0,2212.85714286,2375
1,2376,910.75,2216.25,2376
1,2377,1226.0,2216.5,2377
1,2378,722.740740741,2217.59259259,2378
1,2379,757.1875,2218.625,2379
1,2380,1066.0,2219.5,2380
1,2381,762.125,2220.29166667,2381
1,2382,1179.88,2220.2,2382
1,2383,754.818181818,2221.54545455,2383
1,2384,1269.375,2221.83333333,2384
1,2385,1142.62068966,2223.4137931,2385
1,2386,1171.28571429,2224.35714286,2386
1,2387,1212.83333333,2223.5,2387
1,2388,1166.56,2225.08,2388
1,2389,995.5,2226.0,2389
1,2390,1479.0,2226.0,2390
1,2391,813.346153846,2226.73076923,2391
1,2392,1184.11111111,2227.51851852,2392
1,2393,1012.5,2232.45833333,2393
1,2394,1537.93103448,2233.5862069,2394
1,2395,983.086956522,2238.56521739,2395
1,2396,788.777777778,2240.0,2396
1,2397,1330.5,2242.28571429,2397
1,2398,999.655172414,2244.44827586,2398
1,2399,1051.07407407,2248.40740741,2399
1,2400,941.086956522,2252.43478261,2400
1,2401,1083.5,2256.77777778,2401
1,2402,884.5,2260.0,2402
1,2403,947.391304348,2263.39130435,2403
1,2404,1025.0,2262.5,2404
1,2405,1605.13888889,2264.52777778,2405
1,2406,1804.0,2264.0,2406
1,2407,1239.59090909,2266.0,2407
1,2408,933.5,2266.77777778,2408
1,2409,1489.10344828,2268.82758621,2409
1,2410,772.333333333,2270.14285714,2410
1,2411,1465.0,2270.0,2411
1,2412,942.789473684,2272.0,2412
1,2413,997.714285714,2271.5,2413
1,2414,950.157894737,2273.15789474,2414
1,2415,1012.74074074,2275.14814815,2415
1,2416,741.567567568,2278.05405405,2416
1,2417,1342.42857143,2280.38095238,2417
1,2418,1556.34782609,2279.60869565,2418
1,2419,1012.29032258,2281.70967742,2419
1,2420,749.961538462,2282.88461538,2420
1,2421,1296.07407407,2284.74074074,2421
1,2422,1314.5,2284.5,2422
1,2423,861.875,2286.0,2423
1,2424,1104.0,2288.84615385,2424
1,2425,1461.68181818,2289.36363636,2425
1,2426,1092.10526316,2290.42105263,2426
1,2427,1168.26666667,2291.33333333,2427
1,2428,847.363636364,2292.27272727,2428
1,2429,950.5,2291.72727273,2429
1,2430,970.0,2292.68965517,2430
1,2431,1287.69230769,2293.23076923,2431
1,2432,1013.76923077,2294.30769231,2432
1,2433,914.3,2297.1,2433
1,2434,1186.38297872,2298.0,2434
1,2435,1387.60869565,2297.2173913,2435
1,2436,957.5,2297.5,2436
1,2437,1071.75,2298.25,2437
1,2438,1087.11111111,2298.66666667,2438
1,2439,1096.77777778,2299.5,2439
1,2440,1298.33333333,2299.08333333,2440
1,2441,1190.0,2301.0,2441
1,2442,978.916666667,2301.91666667,2442
1,2443,1145.80952381,2302.14285714,2443
1,2444,1136.96,2302.6,2444
1,2445,1198.6,2302.76,2445
1,2446,1531.125,2303.54166667,2446
1,2447,1252.5,2306.0,2447
1,2448,913.0,2307.0,2448
1,2449,1068.0,2307.17391304,2449
1,2450,1134.5,2307.21052632,2450
1,2451,810.0,2308.0,2451
1,2452,1120.0,2307.5,2452
1,2453,1480.70588235,2308.17647059,2453
1,2454,1050.10526316,2309.42105263,2454
1,2455,1487.88235294,2309.41176471,2455
1,2456,964.916666667,2312.08333333,2456
1,2457,978.5,2312.0,2457
1,2458,1216.84210526,2313.15789474,2458
1,2459,914.608695652,2313.95652174,2459
1,2460,1084.88888889,2314.27777778,2460
1,2461,1273.11363636,2315.15909091,2461
1,2462,1342.84210526,2315.15789474,2462
1,2463,1348.86956522,2317.7826087,2463
1,2464,1125.5,2320.0,2464
1,2465,1160.375,2320.34375,2465
1,2466,1188.73684211,2320.05263158,2466
1,2467,1304.6875,2321.875,2467
1,2468,981.565217391,2325.39130435,2468
1,2469,1126.09090909,2327.09090909,2469
1,2470,1484.92307692,2327.42307692,2470
1,2471,1186.75,2328.65,2471
1,2472,1368.0,2329.0,2472
1,2473,867.923076923,2329.61538462,2473
1,2474,1042.77777778,2330.05555556,2474
1,2475,1224.4516129,2331.41935484,2475
1,2476,1482.25,2331.58333333,2476
1,2477,963.5,2331.72727273,2477
1,2478,1436.25,2332.25,2478
1,2479,1032.14285714,2335.07142857,2479
1,2480,1137.5,2335.0,2480
1,2481,785.5,2337.5,2481
1,2482,987.0,2336.84615385,2482
1,2483,906.5,2337.5,2483
1,2484,1423.22222222,2339.5,2484
1,2485,1093.29411765,2340.41176471,2485
1,2486,1163.6,2339.6,2486
1,2487,1177.63157895,2340.21052632,2487
1,2488,968.771428571,2341.57142857,2488
1,2489,889.782608696,2343.39130435,2489
1,2490,1224.33333333,2343.08333333,2490
1,2491,1164.96666667,2343.76666667,2491
1,2492,1233.0,2344.82608696,2492
1,2493,1172.06896552,2345.62068966,2493
1,2494,1168.4,2347.65,2494
1,2495,1292.0,2347.29166667,2495
1,2496,991.588235294,2348.35294118,2496
1,2497,1195.33333333,2348.73333333,2497
1,2498,754.19047619,2350.14285714,2498
1,2499,839.5,2350.36363636,2499
1,2500,1063.30769231,2350.0,2500
1,2501,1140.5,2350.14285714,2501
1,2502,962.5,2351.5,2502
1,2503,993.423076923,2352.73076923,2503
1,2504,1075.5,2353.0,2504
1,2505,772.222222222,2354.5,2505
1,2506,1183.80645161,2356.70967742,2506
1,2507,756.619047619,2357.23809524,2507
1,2508,1175.04761905,2357.23809524,2508
1,2509,1190.81818182,2359.0,2509
1,2510,796.333333333,2360.26666667,2510
1,2511,1055.58823529,2361.88235294,2511
1,2512,1194.42857143,2361.85714286,2512
1,2513,1232.78947368,2363.0,2513
1,2514,915.785714286,2364.5,2514
1,2515,1154.65217391,2363.60869565,2515
1,2516,1376.11111111,2363.51851852,2516
1,2517,759.125,2365.33333333,2517
1,2518,1157.58333333,2367.04166667,2518
1,2519,1168.66666667,2367.14285714,2519
1,2520,1053.04166667,2368.16666667,2520
1,2521,1248.13793103,2371.5862069,2521
1,2522,1020.77777778,2373.11111111,2522
1,2523,1035.0952381,2373.80952381,2523
1,2524,1199.56521739,2374.17391304,2524
1,2525,1070.33333333,2375.58333333,2525
1,2526,903.666666667,2378.5,2526
1,2527,1211.2173913,2377.91304348,2527
1,2528,1126.58823529,2380.11764706,2528
1,2529,899.0,2381.0,2529
1,2530,1288.0,2381.17391304,2530
1,2531,1190.09090909,2382.90909091,2531
1,2532,1324.73333333,2384.66666667,2532
1,2533,852.434782609,2386.08695652,2533
1,2534,1102.125,2387.33333333,2534
1,2535,1200.75,2389.75,2535
1,2536,1269.16666667,2391.5,2536
1,2537,1140.0952381,2394.42857143,2537
1,2538,1317.81818182,2395.81818182,2538
1,2539,1246.86363636,2397.13636364,2539
1,2540,1016.85714286,2397.80952381,2540
1,2541,1149.5,2397.71428571,2541
1,2542,1171.0,2404.5,2542
1,2543,1330.89473684,2404.57894737,2543
1,2544,1181.44827586,2410.72413793,2544
1,2545,847.217391304,2411.30434783,2545
1,2546,1281.89655172,2415.68965517,2546
1,2547,1193.0,2418.21052632,2547
1,2548,1162.71428571,2423.5,2548
1,2549,885.875,2423.6875,2549
1,2550,1038.69230769,2424.53846154,2550
1,2551,1003.56410256,2425.07692308,2551
1,2552,1063.33333333,2432.875,2552
1,2553,1346.08333333,2436.91666667,2553
1,2554,813.333333333,2438.70833333,2554
1,2555,1179.5,2441.5,2555
1,2556,1287.51724138,2442.24137931,2556
1,2557,813.5,2443.70833333,2557
1,2558,993.074074074,2444.59259259,2558
1,2559,1051.96551724,2446.10344828,2559
1,2560,908.418604651,2447.02325581,2560
1,2561,1276.66666667,2447.5,2561
1,2562,899.366666667,2449.63333333,2562
1,2563,824.8,2453.5,2563
1,2564,872.457142857,2462.91428571,2564
1,2565,1291.12121212,2470.66666667,2565
1,2566,799.307692308,2473.19230769,2566
1,2567,1264.0,2487.0,2567
1,2568,690.0,2495.37037037,2568
1,2569,802.666666667,2497.0,2569
1,2570,1284.66666667,2497.24242424,2570
1,2571,1068.5,2498.28571429,2571
1,2572,1276.92,2500.44,2572
1,2573,1118.55172414,2512.4137931,2573
1,2574,1247.0,2516.125,2574
1,2575,1229.17857143,2523.35714286,2575
1,2576,1219.75,2523.625,2576
1,2577,1264.0,2524.29166667,2577
1,2578,1191.61538462,2529.61538462,2578
1,2579,1290.0,2531.5,2579
1,2580,802.875,2534.66666667,2580
1,2581,799.041666667,2551.29166667,2581
1,2582,1284.75757576,2551.0,2582
1,2583,1307.29166667,2564.0,2583
1,2584,729.92,2569.44,2584
1,2585,1332.09090909,2569.90909091,2585
1,2586,765.045454545,2579.68181818,2586
1,2587,1101.80952381,2589.85714286,2587
1,2588,1292.89655172,2593.31034483,2588
1,2589,1308.03333333,2597.1,2589
1,2590,1262.0,2598.5,2590
1,2591,1281.15384615,2602.57692308,2591
1,2592,1258.40740741,2609.25925926,2592
1,2593,735.857142857,2609.80952381,2593
1,2594,1303.5,2612.72727273,2594
1,2595,776.0,2615.0,2595
1,2596,1240.0,2619.5,2596
1,2597,1281.58823529,2619.88235294,2597
1,2598,730.25,2620.75,2598
1,2599,749.035714286,2623.57142857,2599
1,2600,1109.58823529,2623.88235294,2600
1,2601,1299.5,2625.22222222,2601
1,2602,1347.95238095,2625.80952381,2602
1,2603,1287.15384615,2628.65384615,2603
1,2604,1080.28571429,2631.5,2604
1,2605,1290.27272727,2632.95454545,2605
1,2606,1281.5,2633.22222222,2606
1,2607,1307.0,2633.5,2607
1,2608,1232.6,2634.93333333,2608
1,2609,744.317073171,2640.04878049,2609
1,2610,1342.25,2645.75,2610
1,2611,741.4,2650.7,2611
1,2612,1247.39285714,2651.07142857,2612
1,2613,1299.07407407,2652.55555556,2613
1,2614,1239.84615385,2654.53846154,2614
1,2615,1300.05263158,2657.21052632,2615
1,2616,1224.57142857,2659.92857143,2616
1,2617,1239.95652174,2660.60869565,2617
1,2618,1052.40740741,2661.18518519,2618
1,2619,1288.625,2662.66666667,2619
1,2620,1217.33333333,2663.875,2620
1,2621,1246.44827586,2664.5862069,2621
1,2622,1277.96296296,2664.18518519,2622
1,2623,1028.4137931,2666.5862069,2623
1,2624,1305.44444444,2667.81481481,2624
1,2625,1339.04,2667.6,2625
1,2626,1029.0,2672.0,2626
1,2627,1020.69230769,2672.96153846,2627
1,2628,1230.27586207,2672.93103448,2628
1,2629,1015.15789474,2677.84210526,2629
1,2630,1330.6,2679.28,2630
1,2631,1241.76470588,2685.76470588,2631
1,2632,1227.5,2688.0,2632
1,2633,1273.5,2694.0,2633
1,2634,1325.5,2696.39285714,2634
1,2635,1269.92,2698.28,2635
1,2636,1041.69230769,2699.23076923,2636
1,2637,1324.11111111,2701.55555556,2637
1,2638,1247.5,2702.22222222,2638
1,2639,1256.15625,2702.625,2639
1,2640,1279.125,2702.66666667,2640
1,2641,1337.60869565,2704.2173913,2641
1,2642,1246.9,2707.05,2642
1,2643,1319.72727273,2707.5,2643
1,2644,1275.14285714,2708.80952381,2644
1,2645,1187.19047619,2712.85714286,2645
1,2646,1191.92,2713.6,2646
1,2647,1293.11111111,2714.66666667,2647
1,2648,1019.40740741,2716.14814815,2648
1,2649,1312.0,2716.5,2649
1,2650,1227.5,2718.0,2650
1,2651,1187.33333333,2720.44444444,2651
1,2652,1275.125,2719.66666667,2652
1,2653,1020.88888889,2720.55555556,2653
1,2654,1209.33333333,2724.14285714,2654
1,2655,1355.35294118,2725.0,2655
1,2656,1327.86666667,2726.4,2656
1,2657,1196.19047619,2728.95238095,2657
1,2658,1213.7826087,2730.08695652,2658
1,2659,1541.08333333,2730.83333333,2659
1,2660,1219.5,2735.5,2660
1,2661,1257.09090909,2734.90909091,2661
1,2662,1261.125,2735.4375,2662
1,2663,1210.66666667,2741.75,2663
1,2664,1227.5,2742.5,2664
1,2665,1336.08695652,2741.95652174,2665
1,2666,1258.5862069,2744.44827586,2666
1,2667,1281.17391304,2746.0,2667
1,2668,1337.42105263,2746.57894737,2668
1,2669,1195.25,2750.6,2669
1,2670,1197.6,2753.86666667,2670
1,2671,1155.5,2758.0,2671
1,2672,1251.5,2758.22222222,2672
1,2673,1214.0,2761.21052632,2673
1,2674,1245.47826087,2765.60869565,2674
1,2675,1157.125,2768.33333333,2675
1,2676,1229.69565217,2767.65217391,2676
1,2677,1152.45454545,2769.0,2677
1,2678,1333.90909091,2770.90909091,2678
1,2679,1226.0,2772.0,2679
1,2680,1143.0,2772.82608696,2680
1,2681,1267.5,2775.22222222,2681
1,2682,1265.5,2785.0,2682
1,2683,1212.8,2788.5,2683
1,2684,1238.125,2794.66666667,2684
1,2685,1319.38095238,2793.76190476,2685
1,2686,1186.66666667,2796.61904762,2686
1,2687,1140.23333333,2800.36666667,2687
1,2688,1258.67857143,2803.17857143,2688
1,2689,1232.52380952,2810.19047619,2689
1,2690,1299.66666667,2810.33333333,2690
1,2691,1252.5,2813.0,2691
1,2692,1293.5,2812.5,2692
1,2693,1309.38461538,2813.38461538,2693
1,2694,1132.33333333,2817.0952381,2694
1,2695,1222.08333333,2818.08333333,2695
1,2696,1174.52777778,2818.91666667,2696
1,2697,1240.6,2819.4,2697
1,2698,1288.07407407,2820.62962963,2698
1,2699,1123.5,2821.0,2699
1,2700,1109.90909091,2827.09090909,2700
1,2701,1197.21428571,2833.5,2701
1,2702,1159.1,2838.05,2702
1,2703,1207.33333333,2838.875,2703
1,2704,1105.77777778,2839.5,2704
1,2705,1188.64,2841.24,2705
1,2706,1198.09090909,2842.90909091,2706
1,2707,1123.96551724,2848.62068966,2707
1,2708,770.25,2850.25,2708
1,2709,1113.35294118,2850.0,2709
1,2710,1199.78571429,2850.5,2710
1,2711,1184.44444444,2850.59259259,2711
1,2712,770.117647059,2858.41176471,2712
1,2713,1086.88888889,2873.51851852,2713
1,2714,1166.2,2874.5,2714
1,2715,1145.70588235,2879.29411765,2715
1,2716,1180.31428571,2880.91428571,2716
1,2717,1302.93333333,2880.6,2717
1,2718,1094.76,2882.96,2718
1,2719,1193.875,2884.66666667,2719
1,2720,1089.26315789,2887.47368421,2720
1,2721,1202.07142857,2890.64285714,2721
1,2722,1254.8,2891.5,2722
1,2723,1182.71428571,2893.5,2723
1,2724,1204.32142857,2895.42857143,2724
1,2725,1209.3255814,2896.3255814,2725
1,2726,1134.4137931,2896.72413793,2726
1,2727,1161.29166667,2899.0,2727
1,2728,1066.30434783,2903.95652174,2728
1,2729,1136.91304348,2905.2173913,2729
1,2730,1180.54166667,2905.66666667,2730
1,2731,1131.5,2916.33333333,2731
1,2732,1195.5,2918.8,2732
1,2733,1082.0,2924.5,2733
1,2734,1157.66666667,2928.875,2734
1,2735,1142.8,2931.5,2735
1,2736,972.466666667,2934.13333333,2736
1,2737,1026.38461538,2937.61538462,2737
1,2738,1095.36842105,2947.21052632,2738
1,2739,1229.46666667,2948.24444444,2739
1,2740,1018.66666667,2949.11111111,2740
1,2741,1091.05,2948.9,2741
1,2742,1076.3125,2956.125,2742
1,2743,1073.15384615,2959.53846154,2743
1,2744,1121.6,2960.4,2744
1,2745,1187.5,2971.5,2745
1,2746,1058.09090909,2976.09090909,2746
1,2747,1230.18518519,2986.66666667,2747
1,2748,1050.25,2989.66666667,2748
1,2749,1247.58333333,2992.75,2749
1,2750,1214.51851852,2993.77777778,2750
1,2751,1104.33333333,2999.16666667,2751
1,2752,1207.86956522,3002.2173913,2752
1,2753,1200.65217391,3007.60869565,2753
1,2754,1231.5,3011.0,2754
1,2755,1237.64285714,3011.53571429,2755
1,2756,1246.6,3017.6,2756
1,2757,1156.34615385,3021.0,2757
1,2758,1063.0,3024.8,2758
1,2759,1241.33333333,3026.14285714,2759
1,2760,1164.31707317,3027.09756098,2760
1,2761,1060.09090909,3028.09090909,2761
1,2762,1103.375,3034.45833333,2762
1,2763,1071.88235294,3041.41176471,2763
1,2764,1171.5,3042.2,2764
1,2765,1098.76,3046.2,2765
1,2766,1033.46666667,3049.86666667,2766
1,2767,1440.44,3050.08,2767
1,2768,1047.5,3051.5,2768
1,2769,1126.56521739,3055.08695652,2769
1,2770,1100.08695652,3056.91304348,2770
1,2771,1135.09677419,3070.51612903,2771
1,2772,1089.0,3080.0,2772
1,2773,1090.95652174,3084.91304348,2773
1,2774,1307.57575758,3088.57575758,2774
1,2775,1217.28571429,3091.5,2775
1,2776,1062.58823529,3102.88235294,2776
1,2777,1184.8,3107.5,2777
1,2778,1176.41935484,3120.77419355,2778
1,2779,1142.66666667,3143.25,2779
1,2780,1182.0,3145.63636364,2780
1,2781,1179.17391304,3151.0,2781
1,2782,1094.1875,3161.5,2782
1,2783,1189.4,3165.25,2783
1,2784,1142.63636364,3171.5,2784
1,2785,1166.89189189,3170.78378378,2785
1,2786,1204.19354839,3171.70967742,2786
1,2787,1153.1,3191.275,2787
1,2788,1181.44444444,3191.18518519,2788
1,2789,1135.56756757,3192.16216216,2789
1,2790,1180.22727273,3201.09090909,2790
1,2791,1143.35,3202.35,2791
1,2792,1155.14545455,3213.03636364,2792
1,2793,1225.76,3214.2,2793
1,2794,1189.22222222,3232.44444444,2794
1,2795,1082.16666667,3236.06666667,2795
1,2796,1093.07142857,3239.92857143,2796
1,2797,1212.5,3260.0,2797
1,2798,1201.25,3270.75,2798
1,2799,1139.5,3275.5,2799
