X,Y,Sample,Section,Cell Type
0,0,Mutant1,4,Foxp3
0,6000,Mutant1,4,Foxp3
6000,0,Mutant1,4,Foxp3
6000,6000,Mutant1,4,Foxp3
1434.64,557.76,Mutant1,4,Foxp3
1458.090909,561.4848485,Mutant1,4,Foxp3
1365.366667,579.3666667,Mutant1,4,Foxp3
1451.586207,581.4137931,Mutant1,4,Foxp3
1424.970588,583.7941176,Mutant1,4,Foxp3
1391.214286,594.5,Mutant1,4,Foxp3
1381,603.1935484,Mutant1,4,Foxp3
1335.333333,604.875,Mutant1,4,Foxp3
1315.666667,614.875,Mutant1,4,Foxp3
1153.071429,617.3571429,Mutant1,4,Foxp3
1324.529412,616.6470588,Mutant1,4,Foxp3
1317.333333,621.5,Mutant1,4,Foxp3
1245.8,626,Mutant1,4,Foxp3
1358.714286,627.5,Mutant1,4,Foxp3
1475.740741,634.0740741,Mutant1,4,Foxp3
1244.125,643.3333333,Mutant1,4,Foxp3
1500.952381,643.8095238,Mutant1,4,Foxp3
1214.117647,649.5882353,Mutant1,4,Foxp3
1223.666667,654.1428571,Mutant1,4,Foxp3
1229.928571,653.1428571,Mutant1,4,Foxp3
1471.8,655,Mutant1,4,Foxp3
1504.24,655.2,Mutant1,4,Foxp3
1362.038462,656.6153846,Mutant1,4,Foxp3
1319.391304,660.7826087,Mutant1,4,Foxp3
1277.393939,663.4848485,Mutant1,4,Foxp3
1516.76,662.96,Mutant1,4,Foxp3
1223.181818,663.6969697,Mutant1,4,Foxp3
1209.266667,665.4,Mutant1,4,Foxp3
1534,666.5,Mutant1,4,Foxp3
1423.382353,669.1176471,Mutant1,4,Foxp3
1446,671,Mutant1,4,Foxp3
1419.5,678.2222222,Mutant1,4,Foxp3
1311.172414,679.8965517,Mutant1,4,Foxp3
1364.5,680.1875,Mutant1,4,Foxp3
1370.083333,682.0833333,Mutant1,4,Foxp3
1498.190476,686.1428571,Mutant1,4,Foxp3
1196,686.5,Mutant1,4,Foxp3
1421,687.173913,Mutant1,4,Foxp3
1298.4,688.96,Mutant1,4,Foxp3
1319.9375,691.09375,Mutant1,4,Foxp3
1327,695.1428571,Mutant1,4,Foxp3
1331.133333,695.6,Mutant1,4,Foxp3
1231,695.6969697,Mutant1,4,Foxp3
1487.448276,695.6896552,Mutant1,4,Foxp3
1294.517241,697.8275862,Mutant1,4,Foxp3
1300.909091,697.9090909,Mutant1,4,Foxp3
1309.347826,698.9130435,Mutant1,4,Foxp3
1533.571429,702.6190476,Mutant1,4,Foxp3
1378.5,708,Mutant1,4,Foxp3
1486.103448,707.9655172,Mutant1,4,Foxp3
1351.724138,714.4137931,Mutant1,4,Foxp3
1496.5,723.5,Mutant1,4,Foxp3
1413.090909,725.0909091,Mutant1,4,Foxp3
1353.533333,726.1333333,Mutant1,4,Foxp3
1491.5,732.5,Mutant1,4,Foxp3
1315.952381,740.1904762,Mutant1,4,Foxp3
1277.466667,747.1333333,Mutant1,4,Foxp3
1246.555556,752.3333333,Mutant1,4,Foxp3
1255.222222,756.5,Mutant1,4,Foxp3
1403.24,759.96,Mutant1,4,Foxp3
1419.04,761.6,Mutant1,4,Foxp3
1429.782609,764.9130435,Mutant1,4,Foxp3
1303.44,769.92,Mutant1,4,Foxp3
1307.583333,780.0416667,Mutant1,4,Foxp3
1372.363636,788.6666667,Mutant1,4,Foxp3
1277.173913,791,Mutant1,4,Foxp3
1403.5,791.7142857,Mutant1,4,Foxp3
1300.5,795.7857143,Mutant1,4,Foxp3
1482.9,797.05,Mutant1,4,Foxp3
1322.090909,800.9090909,Mutant1,4,Foxp3
1402.892857,812.9285714,Mutant1,4,Foxp3
1413.666667,817.8222222,Mutant1,4,Foxp3
1335.888889,828.2777778,Mutant1,4,Foxp3
1373.692308,828,Mutant1,4,Foxp3
1360.214286,837.5,Mutant1,4,Foxp3
1193.086957,874.4347826,Mutant1,4,Foxp3
1258.5,883,Mutant1,4,Foxp3
1183.565217,903.173913,Mutant1,4,Foxp3
1491.5,907,Mutant1,4,Foxp3
1243.5,916,Mutant1,4,Foxp3
1011.333333,957.7037037,Mutant1,4,Foxp3
1243.142857,967.5238095,Mutant1,4,Foxp3
1462.222222,1076.5,Mutant1,4,Foxp3
1440.066667,1080.233333,Mutant1,4,Foxp3
1521,1087,Mutant1,4,Foxp3
1530.25,1089.333333,Mutant1,4,Foxp3
1468.592593,1090.925926,Mutant1,4,Foxp3
1523.235294,1095.5,Mutant1,4,Foxp3
1505.521739,1097.391304,Mutant1,4,Foxp3
1011.285714,1117.5,Mutant1,4,Foxp3
1056.083333,1118.166667,Mutant1,4,Foxp3
1018.3125,1119.0625,Mutant1,4,Foxp3
1438.44,1121.08,Mutant1,4,Foxp3
1363.5,1123.714286,Mutant1,4,Foxp3
1534.5,1124.5,Mutant1,4,Foxp3
1454.2,1141,Mutant1,4,Foxp3
1468,1149.5,Mutant1,4,Foxp3
1495.466667,1149,Mutant1,4,Foxp3
1490.947368,1163.473684,Mutant1,4,Foxp3
1455.954545,1186.272727,Mutant1,4,Foxp3
1405.5,1187.5,Mutant1,4,Foxp3
1425.434783,1186.826087,Mutant1,4,Foxp3
1337.578947,1204.105263,Mutant1,4,Foxp3
1377,1212.5,Mutant1,4,Foxp3
1439.764706,1218.882353,Mutant1,4,Foxp3
1289.625,1220.25,Mutant1,4,Foxp3
1375.56,1221.08,Mutant1,4,Foxp3
1402.857143,1227.571429,Mutant1,4,Foxp3
1383.290323,1232.451613,Mutant1,4,Foxp3
1407.972973,1232.837838,Mutant1,4,Foxp3
1477.666667,1254,Mutant1,4,Foxp3
1419.733333,1260.333333,Mutant1,4,Foxp3
1291.5,1268.2,Mutant1,4,Foxp3
1408.771429,1267.628571,Mutant1,4,Foxp3
1473.142857,1274.428571,Mutant1,4,Foxp3
1444.75,1288.75,Mutant1,4,Foxp3
1195.5,1297.8,Mutant1,4,Foxp3
1470.5,1300.777778,Mutant1,4,Foxp3
1453.769231,1303.923077,Mutant1,4,Foxp3
1462.090909,1308.909091,Mutant1,4,Foxp3
1394.548387,1310.516129,Mutant1,4,Foxp3
1424.947368,1312.368421,Mutant1,4,Foxp3
1444.5,1319.714286,Mutant1,4,Foxp3
1409.588235,1334.882353,Mutant1,4,Foxp3
970.5,1342.5,Mutant1,4,Foxp3
1424.875,1347.041667,Mutant1,4,Foxp3
1452.173913,1346.73913,Mutant1,4,Foxp3
1376.285714,1349.642857,Mutant1,4,Foxp3
1438,1362.2,Mutant1,4,Foxp3
1433.842105,1364.263158,Mutant1,4,Foxp3
1359.285714,1371.5,Mutant1,4,Foxp3
1410.5,1376.5,Mutant1,4,Foxp3
1394,1377,Mutant1,4,Foxp3
1393.76,1382.2,Mutant1,4,Foxp3
1445.548387,1382.419355,Mutant1,4,Foxp3
1432.809524,1389.857143,Mutant1,4,Foxp3
1319.5,1394,Mutant1,4,Foxp3
1436.47619,1398.857143,Mutant1,4,Foxp3
1079.5,1404.5,Mutant1,4,Foxp3
1402.6,1415.6,Mutant1,4,Foxp3
1422.2,1419.5,Mutant1,4,Foxp3
1505.666667,1422.75,Mutant1,4,Foxp3
1390,1428.5,Mutant1,4,Foxp3
1433.25,1429.05,Mutant1,4,Foxp3
1457.692308,1430.961538,Mutant1,4,Foxp3
1465,1431,Mutant1,4,Foxp3
1641.434783,1433.913043,Mutant1,4,Foxp3
1457.545455,1437.363636,Mutant1,4,Foxp3
1433.272727,1445.954545,Mutant1,4,Foxp3
1406,1447.2,Mutant1,4,Foxp3
1326.2,1449.666667,Mutant1,4,Foxp3
1488.346154,1451.769231,Mutant1,4,Foxp3
1503.724138,1462.793103,Mutant1,4,Foxp3
1410.692308,1464.115385,Mutant1,4,Foxp3
1230.8,1467.5,Mutant1,4,Foxp3
1423.96,1468.4,Mutant1,4,Foxp3
1411.407407,1469.074074,Mutant1,4,Foxp3
1438.083333,1478.083333,Mutant1,4,Foxp3
1381.263158,1480.842105,Mutant1,4,Foxp3
1468.5,1480.411765,Mutant1,4,Foxp3
1378.954545,1484.090909,Mutant1,4,Foxp3
1447.5,1484.5,Mutant1,4,Foxp3
1359.238095,1494.047619,Mutant1,4,Foxp3
1404,1500,Mutant1,4,Foxp3
1140.909091,1506.636364,Mutant1,4,Foxp3
1478.090909,1508.636364,Mutant1,4,Foxp3
1421.12,1514.56,Mutant1,4,Foxp3
1381.294118,1515.235294,Mutant1,4,Foxp3
1494.166667,1518.916667,Mutant1,4,Foxp3
1165.684211,1521.842105,Mutant1,4,Foxp3
1397.142857,1524.333333,Mutant1,4,Foxp3
1335.333333,1526.125,Mutant1,4,Foxp3
1037.619048,1536.571429,Mutant1,4,Foxp3
1394.666667,1538.875,Mutant1,4,Foxp3
1327.5,1540.5,Mutant1,4,Foxp3
1297.96,1544.16,Mutant1,4,Foxp3
1469.5,1550.285714,Mutant1,4,Foxp3
1435.592593,1550.925926,Mutant1,4,Foxp3
1411.5,1561.285714,Mutant1,4,Foxp3
1193.642857,1566.214286,Mutant1,4,Foxp3
1401.941176,1570.352941,Mutant1,4,Foxp3
1412.222222,1570.5,Mutant1,4,Foxp3
1486.529412,1572.352941,Mutant1,4,Foxp3
1053.157895,1576.842105,Mutant1,4,Foxp3
1347.5,1580,Mutant1,4,Foxp3
1274.1,1581.3,Mutant1,4,Foxp3
1309.5,1587,Mutant1,4,Foxp3
1267.333333,1592.619048,Mutant1,4,Foxp3
1292.6,1592.4,Mutant1,4,Foxp3
1292.142857,1597.071429,Mutant1,4,Foxp3
1104.538462,1601.269231,Mutant1,4,Foxp3
1470.214286,1605.357143,Mutant1,4,Foxp3
1141.153846,1606.461538,Mutant1,4,Foxp3
1248,1612.5,Mutant1,4,Foxp3
1174.590909,1616.863636,Mutant1,4,Foxp3
1298.785714,1622.642857,Mutant1,4,Foxp3
1303.565217,1651.086957,Mutant1,4,Foxp3
1307.4,1651.4,Mutant1,4,Foxp3
1295.230769,1651.615385,Mutant1,4,Foxp3
1250.666667,1660.757576,Mutant1,4,Foxp3
1248.695652,1665.391304,Mutant1,4,Foxp3
1297.142857,1666.571429,Mutant1,4,Foxp3
1306.6,1669.4,Mutant1,4,Foxp3
1310,1669.5,Mutant1,4,Foxp3
1102.5,1675.5,Mutant1,4,Foxp3
1299.5,1706.714286,Mutant1,4,Foxp3
1258.380952,1718.952381,Mutant1,4,Foxp3
1253.615385,1720.076923,Mutant1,4,Foxp3
1255.25,1729.333333,Mutant1,4,Foxp3
1250,1732,Mutant1,4,Foxp3
1282.4,1772.68,Mutant1,4,Foxp3
1290.875,1773.5,Mutant1,4,Foxp3
1395.5,1774,Mutant1,4,Foxp3
1463.608696,1776.217391,Mutant1,4,Foxp3
1477.357143,1775.738095,Mutant1,4,Foxp3
1291.88,1777.88,Mutant1,4,Foxp3
1247.5,1779.5,Mutant1,4,Foxp3
1417.2,1792.5,Mutant1,4,Foxp3
1203.5,1793.5,Mutant1,4,Foxp3
1325.782609,1793.913043,Mutant1,4,Foxp3
1357.333333,1798.875,Mutant1,4,Foxp3
1445.228571,1798.571429,Mutant1,4,Foxp3
1424.290323,1799.709677,Mutant1,4,Foxp3
1129.1,1802.3,Mutant1,4,Foxp3
1412.222222,1802.5,Mutant1,4,Foxp3
1227.285714,1802.5,Mutant1,4,Foxp3
1405.62069,1803.827586,Mutant1,4,Foxp3
1445,1806,Mutant1,4,Foxp3
1367.888889,1809.722222,Mutant1,4,Foxp3
891.5,1813.5,Mutant1,4,Foxp3
1350.75,1814.464286,Mutant1,4,Foxp3
1413.321429,1816.571429,Mutant1,4,Foxp3
1457.384615,1818.615385,Mutant1,4,Foxp3
1379.6,1831.04,Mutant1,4,Foxp3
1506.263158,1847.368421,Mutant1,4,Foxp3
1178.5,1859.785714,Mutant1,4,Foxp3
1415.526316,1868.842105,Mutant1,4,Foxp3
1183.153846,1895.538462,Mutant1,4,Foxp3
799.4,1905.4,Mutant1,4,Foxp3
1342.666667,1965.555556,Mutant1,4,Foxp3
1254.384615,1973.384615,Mutant1,4,Foxp3
1564.117647,1981.411765,Mutant1,4,Foxp3
1256.615385,1988.384615,Mutant1,4,Foxp3
1633.466667,1987.866667,Mutant1,4,Foxp3
1260.517241,1991.103448,Mutant1,4,Foxp3
1252.380952,1996.428571,Mutant1,4,Foxp3
1318,2011.826087,Mutant1,4,Foxp3
1698,2013.833333,Mutant1,4,Foxp3
1325.5,2020.5,Mutant1,4,Foxp3
1219.615385,2023.384615,Mutant1,4,Foxp3
1532.5,2033.5,Mutant1,4,Foxp3
1513.47619,2038.714286,Mutant1,4,Foxp3
1296.318182,2058.909091,Mutant1,4,Foxp3
963.5,2086.5,Mutant1,4,Foxp3
1502.125,2238.875,Mutant1,4,Foxp3
1598.5,2246.222222,Mutant1,4,Foxp3
1557.5,2305.5,Mutant1,4,Foxp3
1511.470588,2309.352941,Mutant1,4,Foxp3
1493.444444,2311.388889,Mutant1,4,Foxp3
1457.090909,2315.090909,Mutant1,4,Foxp3
1443.875,2326.333333,Mutant1,4,Foxp3
1468.5,2327,Mutant1,4,Foxp3
1572.291667,2333.041667,Mutant1,4,Foxp3
1556.411765,2336.882353,Mutant1,4,Foxp3
1315.090909,2343.363636,Mutant1,4,Foxp3
1435,2348,Mutant1,4,Foxp3
1514.5,2349.5,Mutant1,4,Foxp3
1595.05,2352.1,Mutant1,4,Foxp3
1526,2354.296296,Mutant1,4,Foxp3
1581.833333,2359.472222,Mutant1,4,Foxp3
1600.421053,2360.421053,Mutant1,4,Foxp3
1526.945946,2361.432432,Mutant1,4,Foxp3
1573.411765,2362.323529,Mutant1,4,Foxp3
1365.05,2362.75,Mutant1,4,Foxp3
1289.714286,2364.5,Mutant1,4,Foxp3
1414.25,2364.333333,Mutant1,4,Foxp3
1505.28,2367.76,Mutant1,4,Foxp3
1478.785714,2371.5,Mutant1,4,Foxp3
1568.785714,2373.357143,Mutant1,4,Foxp3
1395.5,2374.833333,Mutant1,4,Foxp3
1293.35,2378.3,Mutant1,4,Foxp3
1405.321429,2379.357143,Mutant1,4,Foxp3
1497.054054,2379.324324,Mutant1,4,Foxp3
1503,2380.380952,Mutant1,4,Foxp3
697.3684211,2384.473684,Mutant1,4,Foxp3
1312.21875,2385.125,Mutant1,4,Foxp3
1586.5,2386.5,Mutant1,4,Foxp3
576.1764706,2387.647059,Mutant1,4,Foxp3
1566.090909,2389.090909,Mutant1,4,Foxp3
1269.533333,2391.766667,Mutant1,4,Foxp3
1286,2391.678571,Mutant1,4,Foxp3
1291.16129,2392.451613,Mutant1,4,Foxp3
589.5882353,2393.882353,Mutant1,4,Foxp3
641,2394,Mutant1,4,Foxp3
1259.5,2394.285714,Mutant1,4,Foxp3
1470,2394.625,Mutant1,4,Foxp3
1498,2395.5,Mutant1,4,Foxp3
1281.913043,2397.043478,Mutant1,4,Foxp3
1436.714286,2397.5,Mutant1,4,Foxp3
1388.153846,2398.538462,Mutant1,4,Foxp3
1284.315789,2400.210526,Mutant1,4,Foxp3
1299.5,2401.2,Mutant1,4,Foxp3
1468,2401.5,Mutant1,4,Foxp3
1338,2402,Mutant1,4,Foxp3
1416.448276,2401.586207,Mutant1,4,Foxp3
1311.342857,2402.942857,Mutant1,4,Foxp3
1462.275862,2402.586207,Mutant1,4,Foxp3
1601,2404.2,Mutant1,4,Foxp3
1505.5,2407,Mutant1,4,Foxp3
1341,2408.321429,Mutant1,4,Foxp3
1198.090909,2409.090909,Mutant1,4,Foxp3
1581.285714,2409.5,Mutant1,4,Foxp3
1403.3,2409.466667,Mutant1,4,Foxp3
1385.428571,2412.095238,Mutant1,4,Foxp3
1243.333333,2413.466667,Mutant1,4,Foxp3
1260.136364,2414.772727,Mutant1,4,Foxp3
1548.030303,2415.818182,Mutant1,4,Foxp3
1585.333333,2416.25,Mutant1,4,Foxp3
1202.363636,2417.090909,Mutant1,4,Foxp3
585,2418,Mutant1,4,Foxp3
1557.6,2422.7,Mutant1,4,Foxp3
1251.068182,2427.295455,Mutant1,4,Foxp3
1444.846154,2425.538462,Mutant1,4,Foxp3
646.7179487,2429.179487,Mutant1,4,Foxp3
1478,2430.2,Mutant1,4,Foxp3
707.625,2431.15625,Mutant1,4,Foxp3
1425.666667,2431.125,Mutant1,4,Foxp3
667.5,2431.8,Mutant1,4,Foxp3
1310.722222,2432.222222,Mutant1,4,Foxp3
1279,2435.5,Mutant1,4,Foxp3
637.5,2437,Mutant1,4,Foxp3
656.7894737,2439,Mutant1,4,Foxp3
1265.291667,2440.5,Mutant1,4,Foxp3
629.5806452,2442.548387,Mutant1,4,Foxp3
1327.592593,2443.148148,Mutant1,4,Foxp3
1373.4,2442.6,Mutant1,4,Foxp3
1484.809524,2443.952381,Mutant1,4,Foxp3
1533.56,2443.88,Mutant1,4,Foxp3
1241.25,2444.75,Mutant1,4,Foxp3
624.0357143,2446.392857,Mutant1,4,Foxp3
1560.058824,2445.176471,Mutant1,4,Foxp3
1475.5,2450.5,Mutant1,4,Foxp3
1467.578947,2455.105263,Mutant1,4,Foxp3
1312.290323,2455.548387,Mutant1,4,Foxp3
1388.368421,2456.736842,Mutant1,4,Foxp3
1484.5,2456.727273,Mutant1,4,Foxp3
1261.588235,2460.117647,Mutant1,4,Foxp3
1285.5,2459.8,Mutant1,4,Foxp3
1355,2460,Mutant1,4,Foxp3
1350.090909,2467.909091,Mutant1,4,Foxp3
573.7272727,2477.969697,Mutant1,4,Foxp3
1334.5,2478,Mutant1,4,Foxp3
1325.73913,2478.521739,Mutant1,4,Foxp3
1289.157895,2480.157895,Mutant1,4,Foxp3
1398.117647,2480.588235,Mutant1,4,Foxp3
1567.321429,2479.75,Mutant1,4,Foxp3
1465.210526,2481.157895,Mutant1,4,Foxp3
1350.928571,2481.571429,Mutant1,4,Foxp3
1214.111111,2484.666667,Mutant1,4,Foxp3
1479,2485.307692,Mutant1,4,Foxp3
563.08,2486.92,Mutant1,4,Foxp3
1313,2491.5,Mutant1,4,Foxp3
1218.074074,2495.592593,Mutant1,4,Foxp3
1432.24,2495.2,Mutant1,4,Foxp3
1313.789474,2501,Mutant1,4,Foxp3
625.9642857,2503.428571,Mutant1,4,Foxp3
1230.62963,2505.518519,Mutant1,4,Foxp3
585,2506,Mutant1,4,Foxp3
1254,2506.210526,Mutant1,4,Foxp3
672.9090909,2510.515152,Mutant1,4,Foxp3
1216.2,2515.5,Mutant1,4,Foxp3
1238,2515.173913,Mutant1,4,Foxp3
1249,2517.2,Mutant1,4,Foxp3
634.4642857,2520.571429,Mutant1,4,Foxp3
1224.419355,2521.935484,Mutant1,4,Foxp3
1215.222222,2523.5,Mutant1,4,Foxp3
616,2530.5,Mutant1,4,Foxp3
1236.580645,2536.451613,Mutant1,4,Foxp3
1566,2537.291667,Mutant1,4,Foxp3
891.5,2563.5,Mutant1,4,Foxp3
779.5,2574.5,Mutant1,4,Foxp3
264.5333333,2581.266667,Mutant1,4,Foxp3
1511,2581,Mutant1,4,Foxp3
257.6538462,2582.653846,Mutant1,4,Foxp3
1196.916667,2588.166667,Mutant1,4,Foxp3
373.2857143,2591.714286,Mutant1,4,Foxp3
304.7333333,2595.1,Mutant1,4,Foxp3
234.6,2595.96,Mutant1,4,Foxp3
632.6,2596.866667,Mutant1,4,Foxp3
409.7142857,2598.5,Mutant1,4,Foxp3
738.8823529,2599.411765,Mutant1,4,Foxp3
337.5294118,2600.647059,Mutant1,4,Foxp3
396.64,2600.84,Mutant1,4,Foxp3
250.5,2610.5,Mutant1,4,Foxp3
209.4615385,2613.153846,Mutant1,4,Foxp3
408.1860465,2613.976744,Mutant1,4,Foxp3
210.1666667,2619.875,Mutant1,4,Foxp3
391.0571429,2624,Mutant1,4,Foxp3
328.7575758,2625.545455,Mutant1,4,Foxp3
245.7714286,2630.371429,Mutant1,4,Foxp3
295.5555556,2630,Mutant1,4,Foxp3
364.9259259,2631.592593,Mutant1,4,Foxp3
296.21875,2634.59375,Mutant1,4,Foxp3
876.6666667,2643,Mutant1,4,Foxp3
401.755102,2644.938776,Mutant1,4,Foxp3
207.2307692,2645.692308,Mutant1,4,Foxp3
745.2666667,2645.333333,Mutant1,4,Foxp3
207.24,2653.04,Mutant1,4,Foxp3
301,2658.5,Mutant1,4,Foxp3
345.2173913,2658.608696,Mutant1,4,Foxp3
406,2659.2,Mutant1,4,Foxp3
352.8125,2660.8125,Mutant1,4,Foxp3
422.125,2664.875,Mutant1,4,Foxp3
846.5882353,2665.882353,Mutant1,4,Foxp3
339.5,2673.8,Mutant1,4,Foxp3
249.76,2676.8,Mutant1,4,Foxp3
327.56,2682.2,Mutant1,4,Foxp3
300.1935484,2687.290323,Mutant1,4,Foxp3
401,2692.5,Mutant1,4,Foxp3
407.3666667,2698.366667,Mutant1,4,Foxp3
360.2857143,2700.5,Mutant1,4,Foxp3
316.3333333,2705.142857,Mutant1,4,Foxp3
407.5,2704.8,Mutant1,4,Foxp3
229.5789474,2706.684211,Mutant1,4,Foxp3
278.173913,2712,Mutant1,4,Foxp3
287.7,2711.8,Mutant1,4,Foxp3
212.2222222,2713.5,Mutant1,4,Foxp3
380.6153846,2713.615385,Mutant1,4,Foxp3
252.9090909,2718.636364,Mutant1,4,Foxp3
257.7142857,2726.5,Mutant1,4,Foxp3
278.0909091,2729.909091,Mutant1,4,Foxp3
380.6153846,2731.615385,Mutant1,4,Foxp3
339.6363636,2736.136364,Mutant1,4,Foxp3
330.92,2736.44,Mutant1,4,Foxp3
1650.142857,2755.809524,Mutant1,4,Foxp3
1537.333333,2768.875,Mutant1,4,Foxp3
207.0294118,2775.970588,Mutant1,4,Foxp3
220.5,2777.5,Mutant1,4,Foxp3
253.0243902,2781.585366,Mutant1,4,Foxp3
726.0909091,2802.363636,Mutant1,4,Foxp3
1271.117647,2809.411765,Mutant1,4,Foxp3
1310.724138,2822.896552,Mutant1,4,Foxp3
828.5,2837.5,Mutant1,4,Foxp3
612,2867,Mutant1,4,Foxp3
641.92,2875.56,Mutant1,4,Foxp3
1219.125,2878.333333,Mutant1,4,Foxp3
631.7777778,2884.5,Mutant1,4,Foxp3
1230.575758,2884.424242,Mutant1,4,Foxp3
1594.133333,2885.466667,Mutant1,4,Foxp3
1336.605263,2888.157895,Mutant1,4,Foxp3
1314.5,2895.75,Mutant1,4,Foxp3
1412.333333,2898.857143,Mutant1,4,Foxp3
1225.307692,2907.769231,Mutant1,4,Foxp3
1294.117647,2908.588235,Mutant1,4,Foxp3
1392.4,2909.25,Mutant1,4,Foxp3
1242.814815,2915.074074,Mutant1,4,Foxp3
1259.111111,2914.518519,Mutant1,4,Foxp3
1420.909091,2915.909091,Mutant1,4,Foxp3
1205.34375,2921.78125,Mutant1,4,Foxp3
706.6153846,2926.384615,Mutant1,4,Foxp3
1267.5,2927,Mutant1,4,Foxp3
1299.909091,2927.090909,Mutant1,4,Foxp3
1400.277778,2927.5,Mutant1,4,Foxp3
1236.105263,2932.421053,Mutant1,4,Foxp3
1374.592593,2934.074074,Mutant1,4,Foxp3
1314.636364,2936.909091,Mutant1,4,Foxp3
1329.0625,2937.09375,Mutant1,4,Foxp3
1280.185185,2937.592593,Mutant1,4,Foxp3
1311.925926,2940.407407,Mutant1,4,Foxp3
1380.785714,2940.5,Mutant1,4,Foxp3
1307.178571,2941.464286,Mutant1,4,Foxp3
561.5,2944.153846,Mutant1,4,Foxp3
596.3333333,2943.925926,Mutant1,4,Foxp3
1320.333333,2947.5,Mutant1,4,Foxp3
1377.92,2950.96,Mutant1,4,Foxp3
1395.173913,2953,Mutant1,4,Foxp3
1198.5,2955.5,Mutant1,4,Foxp3
1240.777778,2955.5,Mutant1,4,Foxp3
1386.272727,2956.5,Mutant1,4,Foxp3
1262.4,2960.84,Mutant1,4,Foxp3
1268.681818,2963.363636,Mutant1,4,Foxp3
1258.655172,2964.275862,Mutant1,4,Foxp3
1404.272727,2967.5,Mutant1,4,Foxp3
1388.777778,2970.5,Mutant1,4,Foxp3
1247.851852,2970.666667,Mutant1,4,Foxp3
723.125,2973.833333,Mutant1,4,Foxp3
656.4137931,2974.862069,Mutant1,4,Foxp3
1340.894737,2976.421053,Mutant1,4,Foxp3
1236.142857,2978.809524,Mutant1,4,Foxp3
1220.692308,2982.961538,Mutant1,4,Foxp3
1200.806452,2986.258065,Mutant1,4,Foxp3
1380.4,2988.6,Mutant1,4,Foxp3
1353.5,2991.222222,Mutant1,4,Foxp3
1256.527778,2990.75,Mutant1,4,Foxp3
1226.5,2993.714286,Mutant1,4,Foxp3
1256.478261,2995.608696,Mutant1,4,Foxp3
1279.782609,2995.217391,Mutant1,4,Foxp3
666.7857143,2997.178571,Mutant1,4,Foxp3
695.9310345,2999.689655,Mutant1,4,Foxp3
1293.178571,2999.607143,Mutant1,4,Foxp3
590.5185185,3001.111111,Mutant1,4,Foxp3
1349.3125,3001.125,Mutant1,4,Foxp3
1014.5,3003.5,Mutant1,4,Foxp3
1218.117647,3005.588235,Mutant1,4,Foxp3
1309.5,3004.5,Mutant1,4,Foxp3
1330.5,3004.777778,Mutant1,4,Foxp3
1398.625,3006.4375,Mutant1,4,Foxp3
1282.384615,3006.615385,Mutant1,4,Foxp3
1351.291667,3009,Mutant1,4,Foxp3
749.4,3011.6,Mutant1,4,Foxp3
1243,3014.5,Mutant1,4,Foxp3
1355.5,3015,Mutant1,4,Foxp3
605.2916667,3019.291667,Mutant1,4,Foxp3
1318,3020,Mutant1,4,Foxp3
1249.6875,3021.59375,Mutant1,4,Foxp3
1342.142857,3024.857143,Mutant1,4,Foxp3
1346.4,3025.4,Mutant1,4,Foxp3
600.4074074,3028.074074,Mutant1,4,Foxp3
651.5,3028,Mutant1,4,Foxp3
1358.714286,3028.5,Mutant1,4,Foxp3
1335.913043,3030.26087,Mutant1,4,Foxp3
1340.25,3031.75,Mutant1,4,Foxp3
1384.666667,3032.333333,Mutant1,4,Foxp3
1375.578947,3036.105263,Mutant1,4,Foxp3
1313.2,3039,Mutant1,4,Foxp3
1392.206897,3043.275862,Mutant1,4,Foxp3
1336.5,3044.4,Mutant1,4,Foxp3
1306.090909,3050.090909,Mutant1,4,Foxp3
1348.75,3052.75,Mutant1,4,Foxp3
1317.5,3054.222222,Mutant1,4,Foxp3
1320.5,3058.333333,Mutant1,4,Foxp3
1380.391304,3062.217391,Mutant1,4,Foxp3
1387.75,3063.25,Mutant1,4,Foxp3
1383.764706,3065.470588,Mutant1,4,Foxp3
1352.6,3067.04,Mutant1,4,Foxp3
728.6153846,3069.384615,Mutant1,4,Foxp3
1219.05,3069.4,Mutant1,4,Foxp3
1385.615385,3070.615385,Mutant1,4,Foxp3
1209.947368,3072.684211,Mutant1,4,Foxp3
1391.222222,3076.5,Mutant1,4,Foxp3
1259.275862,3078.655172,Mutant1,4,Foxp3
1210.5,3082.5,Mutant1,4,Foxp3
1052.5,3084.222222,Mutant1,4,Foxp3
1340.366667,3093.366667,Mutant1,4,Foxp3
1171.5,3095.857143,Mutant1,4,Foxp3
1212,3103.958333,Mutant1,4,Foxp3
1128.5,3110.285714,Mutant1,4,Foxp3
946.4090909,3110.454545,Mutant1,4,Foxp3
1270.393939,3114.242424,Mutant1,4,Foxp3
1192.24,3117.96,Mutant1,4,Foxp3
1273.782609,3118.086957,Mutant1,4,Foxp3
1288.5,3117.5,Mutant1,4,Foxp3
487.8571429,3121.809524,Mutant1,4,Foxp3
1276.5,3123.5,Mutant1,4,Foxp3
1350.090909,3135.636364,Mutant1,4,Foxp3
1215.333333,3136.875,Mutant1,4,Foxp3
1312,3141.8,Mutant1,4,Foxp3
1334.3125,3141.875,Mutant1,4,Foxp3
1126.6875,3144.0625,Mutant1,4,Foxp3
1291.423077,3148.923077,Mutant1,4,Foxp3
719.4230769,3150.307692,Mutant1,4,Foxp3
1150.875,3151.166667,Mutant1,4,Foxp3
1259.217391,3150.695652,Mutant1,4,Foxp3
350.4,3152.04,Mutant1,4,Foxp3
1121.818182,3151.727273,Mutant1,4,Foxp3
1181.071429,3153.071429,Mutant1,4,Foxp3
1198.7,3152.9,Mutant1,4,Foxp3
1158.083333,3154.083333,Mutant1,4,Foxp3
1236.916667,3156.083333,Mutant1,4,Foxp3
513.6,3157.4,Mutant1,4,Foxp3
1191,3157.5,Mutant1,4,Foxp3
1256.05,3157.9,Mutant1,4,Foxp3
1139.857143,3159.47619,Mutant1,4,Foxp3
1185.833333,3159.722222,Mutant1,4,Foxp3
1202.291667,3160,Mutant1,4,Foxp3
333.40625,3160.4375,Mutant1,4,Foxp3
1159.5625,3161.40625,Mutant1,4,Foxp3
1249,3163,Mutant1,4,Foxp3
1321.5,3171.5,Mutant1,4,Foxp3
1329.05,3171.9,Mutant1,4,Foxp3
1221.166667,3173.125,Mutant1,4,Foxp3
1266.448276,3175.586207,Mutant1,4,Foxp3
1174.809524,3188.047619,Mutant1,4,Foxp3
1237.117647,3187.470588,Mutant1,4,Foxp3
1276,3188,Mutant1,4,Foxp3
1235.525,3191.15,Mutant1,4,Foxp3
1122.157895,3198.052632,Mutant1,4,Foxp3
1300,3199.90625,Mutant1,4,Foxp3
1251.625,3201.65625,Mutant1,4,Foxp3
1183.36,3203.24,Mutant1,4,Foxp3
1275.5,3222,Mutant1,4,Foxp3
1242,3229.210526,Mutant1,4,Foxp3
1305.714286,3235.5,Mutant1,4,Foxp3
1333,3257.25,Mutant1,4,Foxp3
1321.809524,3260.047619,Mutant1,4,Foxp3
1332.909091,3267.090909,Mutant1,4,Foxp3
645.5,3270,Mutant1,4,Foxp3
650.4074074,3277.518519,Mutant1,4,Foxp3
629.1315789,3295.421053,Mutant1,4,Foxp3
652.6333333,3316.366667,Mutant1,4,Foxp3
679.6363636,3315.909091,Mutant1,4,Foxp3
616.1578947,3333.473684,Mutant1,4,Foxp3
603.9090909,3335.909091,Mutant1,4,Foxp3
649.4545455,3338.363636,Mutant1,4,Foxp3
898.7777778,3339.5,Mutant1,4,Foxp3
672.8214286,3342.214286,Mutant1,4,Foxp3
605.0645161,3348.580645,Mutant1,4,Foxp3
620,3349,Mutant1,4,Foxp3
486.2222222,3357.5,Mutant1,4,Foxp3
567.9,3359.966667,Mutant1,4,Foxp3
673.3461538,3359.846154,Mutant1,4,Foxp3
881.9090909,3362.363636,Mutant1,4,Foxp3
591.16,3362.72,Mutant1,4,Foxp3
887.5217391,3363.782609,Mutant1,4,Foxp3
1082.4,3365.96,Mutant1,4,Foxp3
602.2173913,3370.869565,Mutant1,4,Foxp3
634.2173913,3373.869565,Mutant1,4,Foxp3
683.125,3374.333333,Mutant1,4,Foxp3
652.1052632,3375.421053,Mutant1,4,Foxp3
618.3529412,3376.323529,Mutant1,4,Foxp3
677.2758621,3376.344828,Mutant1,4,Foxp3
533.2857143,3380.5,Mutant1,4,Foxp3
644.5925926,3382.925926,Mutant1,4,Foxp3
668.7083333,3386,Mutant1,4,Foxp3
605.5862069,3386.724138,Mutant1,4,Foxp3
706.5,3389,Mutant1,4,Foxp3
666.7272727,3392.409091,Mutant1,4,Foxp3
612.2222222,3403.5,Mutant1,4,Foxp3
552.24,3417.64,Mutant1,4,Foxp3
657.32,3422.84,Mutant1,4,Foxp3
630.6,3433.4,Mutant1,4,Foxp3
626.25,3439.25,Mutant1,4,Foxp3
634.6666667,3452.444444,Mutant1,4,Foxp3
598.2222222,3457.5,Mutant1,4,Foxp3
721.7272727,3458.5,Mutant1,4,Foxp3
478.125,3479.125,Mutant1,4,Foxp3
376.6,3480.5,Mutant1,4,Foxp3
496.3076923,3492.115385,Mutant1,4,Foxp3
398,3524.5,Mutant1,4,Foxp3
405.0909091,3537.636364,Mutant1,4,Foxp3
410.7857143,3538.642857,Mutant1,4,Foxp3
419.5,3539.5,Mutant1,4,Foxp3
378.173913,3545,Mutant1,4,Foxp3
425.6666667,3569.25,Mutant1,4,Foxp3
452.8666667,3569.533333,Mutant1,4,Foxp3
423,3574.5,Mutant1,4,Foxp3
494.125,3576.833333,Mutant1,4,Foxp3
422.6666667,3577.888889,Mutant1,4,Foxp3
407.5882353,3581.294118,Mutant1,4,Foxp3
410.2727273,3601.5,Mutant1,4,Foxp3
414.6,3601.4,Mutant1,4,Foxp3
399.2424242,3613.848485,Mutant1,4,Foxp3
403.5,3631,Mutant1,4,Foxp3
442.1176471,3634.588235,Mutant1,4,Foxp3
391.7894737,3636.368421,Mutant1,4,Foxp3
414.7142857,3637.5,Mutant1,4,Foxp3
443.5,3638.5,Mutant1,4,Foxp3
358.2222222,3641.944444,Mutant1,4,Foxp3
350.4242424,3643.939394,Mutant1,4,Foxp3
382.6153846,3646.384615,Mutant1,4,Foxp3
347.625,3647.5625,Mutant1,4,Foxp3
365.8333333,3648,Mutant1,4,Foxp3
453.3103448,3647.517241,Mutant1,4,Foxp3
388.5714286,3653.095238,Mutant1,4,Foxp3
455.8888889,3654.055556,Mutant1,4,Foxp3
801.2903226,3655,Mutant1,4,Foxp3
350.4390244,3657.414634,Mutant1,4,Foxp3
360.2857143,3658.333333,Mutant1,4,Foxp3
495.75,3657.75,Mutant1,4,Foxp3
449.5,3659,Mutant1,4,Foxp3
456.4615385,3660.134615,Mutant1,4,Foxp3
435.6666667,3661,Mutant1,4,Foxp3
1189.625,3664.25,Mutant1,4,Foxp3
972.76,3666.2,Mutant1,4,Foxp3
345.6666667,3666.875,Mutant1,4,Foxp3
431,3668.5,Mutant1,4,Foxp3
440.8333333,3670,Mutant1,4,Foxp3
385.5,3671.222222,Mutant1,4,Foxp3
379.452381,3678.357143,Mutant1,4,Foxp3
510.5333333,3679.333333,Mutant1,4,Foxp3
385.2352941,3680.235294,Mutant1,4,Foxp3
386.92,3690.6,Mutant1,4,Foxp3
828.3333333,3693.055556,Mutant1,4,Foxp3
415.25,3695.791667,Mutant1,4,Foxp3
1250.25,3696.25,Mutant1,4,Foxp3
439.2,3697.5,Mutant1,4,Foxp3
500.1052632,3697.578947,Mutant1,4,Foxp3
429.2857143,3700.5,Mutant1,4,Foxp3
380.4210526,3701.815789,Mutant1,4,Foxp3
411.0909091,3700.636364,Mutant1,4,Foxp3
416.3846154,3700.615385,Mutant1,4,Foxp3
1328.052632,3701.157895,Mutant1,4,Foxp3
505.4193548,3703.580645,Mutant1,4,Foxp3
385.5769231,3705.769231,Mutant1,4,Foxp3
392,3707,Mutant1,4,Foxp3
401.6,3708.6,Mutant1,4,Foxp3
378.3636364,3709.454545,Mutant1,4,Foxp3
384.5384615,3711.846154,Mutant1,4,Foxp3
358.5,3712.5,Mutant1,4,Foxp3
373.4615385,3713.153846,Mutant1,4,Foxp3
1194.6,3714.04,Mutant1,4,Foxp3
1376.653846,3713.884615,Mutant1,4,Foxp3
417.8571429,3714.714286,Mutant1,4,Foxp3
437.4,3716.6,Mutant1,4,Foxp3
340.5,3716.6,Mutant1,4,Foxp3
336,3718,Mutant1,4,Foxp3
388.4210526,3724.105263,Mutant1,4,Foxp3
421.8333333,3727.083333,Mutant1,4,Foxp3
400.8571429,3728.190476,Mutant1,4,Foxp3
1259.275862,3728.62069,Mutant1,4,Foxp3
686.5714286,3730.380952,Mutant1,4,Foxp3
1264.5,3731.5,Mutant1,4,Foxp3
393.0444444,3732.644444,Mutant1,4,Foxp3
390.5,3741,Mutant1,4,Foxp3
889.9090909,3741.909091,Mutant1,4,Foxp3
997.6785714,3744,Mutant1,4,Foxp3
960.4444444,3745.592593,Mutant1,4,Foxp3
353.8,3746.666667,Mutant1,4,Foxp3
352.7692308,3749.769231,Mutant1,4,Foxp3
987.5,3751,Mutant1,4,Foxp3
396.5,3759.222222,Mutant1,4,Foxp3
962.1538462,3760.538462,Mutant1,4,Foxp3
1280.482759,3760.137931,Mutant1,4,Foxp3
930.5,3762.5,Mutant1,4,Foxp3
1139.071429,3763.857143,Mutant1,4,Foxp3
1371.5,3765.5,Mutant1,4,Foxp3
1247.5,3776,Mutant1,4,Foxp3
933.6666667,3777.888889,Mutant1,4,Foxp3
861.75,3779.25,Mutant1,4,Foxp3
1196.5,3778.5,Mutant1,4,Foxp3
1217,3782,Mutant1,4,Foxp3
923.2758621,3789.655172,Mutant1,4,Foxp3
965.5,3790.666667,Mutant1,4,Foxp3
1030.181818,3791.181818,Mutant1,4,Foxp3
1432,3791.5,Mutant1,4,Foxp3
1046,3794.826087,Mutant1,4,Foxp3
1255.333333,3796.222222,Mutant1,4,Foxp3
968,3798,Mutant1,4,Foxp3
1312.666667,3797.555556,Mutant1,4,Foxp3
1197.958333,3799.041667,Mutant1,4,Foxp3
1252.96,3801.12,Mutant1,4,Foxp3
1032.724138,3803.413793,Mutant1,4,Foxp3
1437,3803.5,Mutant1,4,Foxp3
1277.111111,3805.666667,Mutant1,4,Foxp3
881.5,3806.666667,Mutant1,4,Foxp3
994,3806.5,Mutant1,4,Foxp3
1027.346154,3807.269231,Mutant1,4,Foxp3
1409.26087,3807.608696,Mutant1,4,Foxp3
980.1818182,3809.818182,Mutant1,4,Foxp3
1260.607143,3810.178571,Mutant1,4,Foxp3
952.7027027,3811.378378,Mutant1,4,Foxp3
1103,3811.107143,Mutant1,4,Foxp3
1133.111111,3813.666667,Mutant1,4,Foxp3
1175.366667,3815.633333,Mutant1,4,Foxp3
1290.619048,3819,Mutant1,4,Foxp3
1250.777778,3820.5,Mutant1,4,Foxp3
929.5806452,3823.677419,Mutant1,4,Foxp3
934,3825,Mutant1,4,Foxp3
908.6666667,3826.125,Mutant1,4,Foxp3
1235.5,3827.5,Mutant1,4,Foxp3
1209.594595,3828.297297,Mutant1,4,Foxp3
1284.264706,3828.058824,Mutant1,4,Foxp3
1045.403846,3831.326923,Mutant1,4,Foxp3
1356.588235,3830.294118,Mutant1,4,Foxp3
1198.705882,3833.5,Mutant1,4,Foxp3
1369.25,3835.277778,Mutant1,4,Foxp3
897,3836.5,Mutant1,4,Foxp3
1029.375,3836.75,Mutant1,4,Foxp3
1358.12,3837.56,Mutant1,4,Foxp3
1224.678571,3838,Mutant1,4,Foxp3
1238.166667,3839.083333,Mutant1,4,Foxp3
1077.733333,3842.366667,Mutant1,4,Foxp3
1263.631579,3842.789474,Mutant1,4,Foxp3
1246.592593,3844.925926,Mutant1,4,Foxp3
989.3055556,3846.944444,Mutant1,4,Foxp3
1283,3845.5,Mutant1,4,Foxp3
1294.045455,3845.727273,Mutant1,4,Foxp3
926,3849.5,Mutant1,4,Foxp3
956.5,3849.714286,Mutant1,4,Foxp3
978.5,3850.5,Mutant1,4,Foxp3
1255.95,3850.4,Mutant1,4,Foxp3
1093.833333,3850.5,Mutant1,4,Foxp3
802.5,3852.5,Mutant1,4,Foxp3
938,3853,Mutant1,4,Foxp3
862.65,3854.6,Mutant1,4,Foxp3
1305.947368,3856.684211,Mutant1,4,Foxp3
954.3529412,3859,Mutant1,4,Foxp3
1238.088235,3859.617647,Mutant1,4,Foxp3
1347.5,3860.5,Mutant1,4,Foxp3
985.6,3863.6,Mutant1,4,Foxp3
846.9090909,3864.636364,Mutant1,4,Foxp3
1080.181818,3866.409091,Mutant1,4,Foxp3
1423.275862,3867.344828,Mutant1,4,Foxp3
837.6,3869.4,Mutant1,4,Foxp3
931.5,3873,Mutant1,4,Foxp3
1303.5,3873.5,Mutant1,4,Foxp3
885.2222222,3873.5,Mutant1,4,Foxp3
951.8064516,3874.967742,Mutant1,4,Foxp3
705.9666667,3879.4,Mutant1,4,Foxp3
819.5217391,3878.913043,Mutant1,4,Foxp3
997.7777778,3881.5,Mutant1,4,Foxp3
1012.586207,3882.448276,Mutant1,4,Foxp3
1308.090909,3886.090909,Mutant1,4,Foxp3
938.3333333,3886.5,Mutant1,4,Foxp3
731,3890.5,Mutant1,4,Foxp3
941.6,3890.6,Mutant1,4,Foxp3
1003.142857,3890.642857,Mutant1,4,Foxp3
856.4285714,3891.619048,Mutant1,4,Foxp3
725.5,3892.5,Mutant1,4,Foxp3
1048.117647,3896.411765,Mutant1,4,Foxp3
693.2222222,3898.962963,Mutant1,4,Foxp3
1316.7,3898.9,Mutant1,4,Foxp3
948.7419355,3902.419355,Mutant1,4,Foxp3
984.6666667,3901.575758,Mutant1,4,Foxp3
1360.846154,3901.615385,Mutant1,4,Foxp3
723.7142857,3902.892857,Mutant1,4,Foxp3
1317,3905.37037,Mutant1,4,Foxp3
728.1190476,3906.357143,Mutant1,4,Foxp3
1025.666667,3905.875,Mutant1,4,Foxp3
992.826087,3907,Mutant1,4,Foxp3
825.25,3908.75,Mutant1,4,Foxp3
1294.4,3912.066667,Mutant1,4,Foxp3
733.0571429,3913.4,Mutant1,4,Foxp3
691.6923077,3914.038462,Mutant1,4,Foxp3
1283.5,3913.5,Mutant1,4,Foxp3
947.1538462,3914.884615,Mutant1,4,Foxp3
826.6666667,3916.444444,Mutant1,4,Foxp3
843,3916,Mutant1,4,Foxp3
875,3915.666667,Mutant1,4,Foxp3
1303.592593,3916.259259,Mutant1,4,Foxp3
1014.617647,3920.235294,Mutant1,4,Foxp3
1311.722222,3920.083333,Mutant1,4,Foxp3
812.5416667,3922.041667,Mutant1,4,Foxp3
865.3636364,3921.909091,Mutant1,4,Foxp3
997.1111111,3923.277778,Mutant1,4,Foxp3
779.4666667,3923.9,Mutant1,4,Foxp3
853.6875,3926.1875,Mutant1,4,Foxp3
765.2222222,3928.5,Mutant1,4,Foxp3
716.4,3930.6,Mutant1,4,Foxp3
461.4642857,3932.357143,Mutant1,4,Foxp3
873.1428571,3932.190476,Mutant1,4,Foxp3
933.8,3932,Mutant1,4,Foxp3
697.8421053,3933.842105,Mutant1,4,Foxp3
1158.6,3933.4,Mutant1,4,Foxp3
827.5,3934.714286,Mutant1,4,Foxp3
1200.666667,3937.857143,Mutant1,4,Foxp3
846.3666667,3939.366667,Mutant1,4,Foxp3
725.862069,3940.413793,Mutant1,4,Foxp3
684.5714286,3941.107143,Mutant1,4,Foxp3
974.0909091,3945.090909,Mutant1,4,Foxp3
1022.333333,3945.952381,Mutant1,4,Foxp3
833.2307692,3947.615385,Mutant1,4,Foxp3
1020.3,3950.15,Mutant1,4,Foxp3
944.5,3951.5,Mutant1,4,Foxp3
757.5,3953.714286,Mutant1,4,Foxp3
1468.125,3954.59375,Mutant1,4,Foxp3
960.9583333,3956.125,Mutant1,4,Foxp3
793.1176471,3959.411765,Mutant1,4,Foxp3
939,3963.5,Mutant1,4,Foxp3
725.6,3965.24,Mutant1,4,Foxp3
779.7857143,3965.5,Mutant1,4,Foxp3
953.1,3966.05,Mutant1,4,Foxp3
747,3968.5,Mutant1,4,Foxp3
857.9545455,3968.727273,Mutant1,4,Foxp3
1418,3969,Mutant1,4,Foxp3
721.1785714,3970.321429,Mutant1,4,Foxp3
725.6538462,3971.038462,Mutant1,4,Foxp3
1375.5,3971.5,Mutant1,4,Foxp3
730.6382979,3973.340426,Mutant1,4,Foxp3
863.6190476,3977.47619,Mutant1,4,Foxp3
935.2222222,3977.5,Mutant1,4,Foxp3
1302,3979.5,Mutant1,4,Foxp3
854.0909091,3980.363636,Mutant1,4,Foxp3
699.2173913,3984.913043,Mutant1,4,Foxp3
876.5,3988.5,Mutant1,4,Foxp3
781.5789474,3996.105263,Mutant1,4,Foxp3
880.9090909,3996.363636,Mutant1,4,Foxp3
1242,3997.352941,Mutant1,4,Foxp3
904.5,3999.115385,Mutant1,4,Foxp3
940.6086957,3998.956522,Mutant1,4,Foxp3
959.9090909,4000.545455,Mutant1,4,Foxp3
789.7142857,4003.5,Mutant1,4,Foxp3
805.2,4004.5,Mutant1,4,Foxp3
880.5,4009.333333,Mutant1,4,Foxp3
837.2916667,4010,Mutant1,4,Foxp3
775.1666667,4010.708333,Mutant1,4,Foxp3
876.5,4011.214286,Mutant1,4,Foxp3
960.3043478,4010.782609,Mutant1,4,Foxp3
973.2,4010.56,Mutant1,4,Foxp3
814,4012,Mutant1,4,Foxp3
953.3333333,4013.125,Mutant1,4,Foxp3
873.0952381,4014.285714,Mutant1,4,Foxp3
863.2222222,4015.666667,Mutant1,4,Foxp3
733.5555556,4017.666667,Mutant1,4,Foxp3
737.7241379,4020.37931,Mutant1,4,Foxp3
651.5,4021.214286,Mutant1,4,Foxp3
468.6363636,4021.545455,Mutant1,4,Foxp3
615.0555556,4020.944444,Mutant1,4,Foxp3
685.7142857,4022,Mutant1,4,Foxp3
827.0909091,4025.090909,Mutant1,4,Foxp3
879.7777778,4027.5,Mutant1,4,Foxp3
704.8285714,4030.771429,Mutant1,4,Foxp3
659.5,4032.222222,Mutant1,4,Foxp3
769.3333333,4036.380952,Mutant1,4,Foxp3
955.5,4035.666667,Mutant1,4,Foxp3
1385.333333,4036.125,Mutant1,4,Foxp3
695,4038.173913,Mutant1,4,Foxp3
667.0588235,4040.558824,Mutant1,4,Foxp3
993,4041,Mutant1,4,Foxp3
978.5,4041.714286,Mutant1,4,Foxp3
838.1363636,4042.727273,Mutant1,4,Foxp3
534.2,4046.2,Mutant1,4,Foxp3
740.9756098,4045.878049,Mutant1,4,Foxp3
836.4444444,4046.888889,Mutant1,4,Foxp3
736.2222222,4046.666667,Mutant1,4,Foxp3
684.3888889,4049.138889,Mutant1,4,Foxp3
690.4571429,4049.971429,Mutant1,4,Foxp3
918.8636364,4050,Mutant1,4,Foxp3
646,4052,Mutant1,4,Foxp3
954.5806452,4055.548387,Mutant1,4,Foxp3
689.6538462,4056.653846,Mutant1,4,Foxp3
704.8888889,4056.666667,Mutant1,4,Foxp3
923.2592593,4057.333333,Mutant1,4,Foxp3
751.7272727,4060.5,Mutant1,4,Foxp3
937,4061,Mutant1,4,Foxp3
869.25,4064.464286,Mutant1,4,Foxp3
900.6,4065.6,Mutant1,4,Foxp3
630,4066.5,Mutant1,4,Foxp3
737.5333333,4066.666667,Mutant1,4,Foxp3
935.7291667,4068.916667,Mutant1,4,Foxp3
748.4285714,4069.964286,Mutant1,4,Foxp3
681,4070.5,Mutant1,4,Foxp3
739.125,4072.666667,Mutant1,4,Foxp3
482.2222222,4075.5,Mutant1,4,Foxp3
848.6,4075.04,Mutant1,4,Foxp3
683.9,4075.95,Mutant1,4,Foxp3
614.1923077,4077.884615,Mutant1,4,Foxp3
1017.25,4081.666667,Mutant1,4,Foxp3
752,4086,Mutant1,4,Foxp3
874.9090909,4085.909091,Mutant1,4,Foxp3
685.173913,4088,Mutant1,4,Foxp3
744.0810811,4087.540541,Mutant1,4,Foxp3
603.5,4091.25,Mutant1,4,Foxp3
766.7857143,4091.5,Mutant1,4,Foxp3
715.1333333,4092.533333,Mutant1,4,Foxp3
898.8666667,4092.533333,Mutant1,4,Foxp3
726.7105263,4093.263158,Mutant1,4,Foxp3
712,4099.5,Mutant1,4,Foxp3
692.1904762,4099.857143,Mutant1,4,Foxp3
523.7777778,4108.5,Mutant1,4,Foxp3
695,4111.826087,Mutant1,4,Foxp3
1263.777778,4115.5,Mutant1,4,Foxp3
522.4210526,4116.105263,Mutant1,4,Foxp3
686.5862069,4117.275862,Mutant1,4,Foxp3
658.7222222,4117.888889,Mutant1,4,Foxp3
1172.714286,4118.5,Mutant1,4,Foxp3
701.3846154,4121.384615,Mutant1,4,Foxp3
516.6363636,4122.909091,Mutant1,4,Foxp3
502.9090909,4128.454545,Mutant1,4,Foxp3
797.8181818,4129.181818,Mutant1,4,Foxp3
725.125,4131.333333,Mutant1,4,Foxp3
830.2857143,4130.5,Mutant1,4,Foxp3
954.8095238,4132.047619,Mutant1,4,Foxp3
754.9090909,4138.909091,Mutant1,4,Foxp3
740.8717949,4144.128205,Mutant1,4,Foxp3
693.2222222,4147.5,Mutant1,4,Foxp3
757,4161.333333,Mutant1,4,Foxp3
744.2352941,4161.705882,Mutant1,4,Foxp3
526.173913,4163,Mutant1,4,Foxp3
731.5,4163.125,Mutant1,4,Foxp3
642.6666667,4166.566667,Mutant1,4,Foxp3
748.5,4167.5,Mutant1,4,Foxp3
715,4172.69697,Mutant1,4,Foxp3
734.5714286,4173,Mutant1,4,Foxp3
574.8666667,4174.466667,Mutant1,4,Foxp3
498.4545455,4194.363636,Mutant1,4,Foxp3
523.5,4206.2,Mutant1,4,Foxp3
685.56,4254.92,Mutant1,4,Foxp3
827.5,4270.2,Mutant1,4,Foxp3
682.6666667,4377.857143,Mutant1,4,Foxp3
1251.5,4385.5,Mutant1,4,Foxp3
679,4393.6,Mutant1,4,Foxp3
1313.714286,4398.5,Mutant1,4,Foxp3
1309.545455,4424.636364,Mutant1,4,Foxp3
1205.411765,4426.117647,Mutant1,4,Foxp3
613.6428571,4478.928571,Mutant1,4,Foxp3
616.6666667,4482,Mutant1,4,Foxp3
849,4484,Mutant1,4,Foxp3
1269.5,4501.375,Mutant1,4,Foxp3
1313.6,4522.04,Mutant1,4,Foxp3
1191.181818,4536,Mutant1,4,Foxp3
1356.384615,4537.615385,Mutant1,4,Foxp3
806.1052632,4540.421053,Mutant1,4,Foxp3
1196.5,4540,Mutant1,4,Foxp3
1236.190476,4544.047619,Mutant1,4,Foxp3
1296.230769,4547.846154,Mutant1,4,Foxp3
1116.826087,4551,Mutant1,4,Foxp3
1255.388889,4552.138889,Mutant1,4,Foxp3
1288.789474,4554.631579,Mutant1,4,Foxp3
1241.666667,4556.125,Mutant1,4,Foxp3
1252.5,4560.5,Mutant1,4,Foxp3
1293.678571,4565,Mutant1,4,Foxp3
1298.692308,4566.576923,Mutant1,4,Foxp3
1329,4571.5,Mutant1,4,Foxp3
1358.90625,4571.46875,Mutant1,4,Foxp3
1407.75,4575.25,Mutant1,4,Foxp3
1193.9,4575.95,Mutant1,4,Foxp3
1150.714286,4577.5,Mutant1,4,Foxp3
1255.44,4580.2,Mutant1,4,Foxp3
1125.6,4581.4,Mutant1,4,Foxp3
1226.291667,4582,Mutant1,4,Foxp3
1345,4586,Mutant1,4,Foxp3
1455.56,4586.4,Mutant1,4,Foxp3
1396.25641,4588.846154,Mutant1,4,Foxp3
1373.809524,4591.142857,Mutant1,4,Foxp3
1382.5,4595.5,Mutant1,4,Foxp3
1182.714286,4596.5,Mutant1,4,Foxp3
1285.807692,4600.076923,Mutant1,4,Foxp3
1107.92,4601.44,Mutant1,4,Foxp3
1213.115385,4600.5,Mutant1,4,Foxp3
1219.52381,4602.619048,Mutant1,4,Foxp3
1315,4604.380952,Mutant1,4,Foxp3
1166.148148,4607.814815,Mutant1,4,Foxp3
1273.133333,4607.533333,Mutant1,4,Foxp3
787.5,4609.5,Mutant1,4,Foxp3
828.2222222,4612.5,Mutant1,4,Foxp3
1280.666667,4616.266667,Mutant1,4,Foxp3
1434.2,4618,Mutant1,4,Foxp3
1199.333333,4620.666667,Mutant1,4,Foxp3
1214.230769,4621.961538,Mutant1,4,Foxp3
1152.15625,4623.625,Mutant1,4,Foxp3
1205.24,4622.96,Mutant1,4,Foxp3
1073.5,4625.575,Mutant1,4,Foxp3
1401.809524,4625.857143,Mutant1,4,Foxp3
1101.777778,4627.5,Mutant1,4,Foxp3
1250.275862,4627.413793,Mutant1,4,Foxp3
1170.666667,4629.424242,Mutant1,4,Foxp3
1237.7,4629.7,Mutant1,4,Foxp3
1177.954545,4630.909091,Mutant1,4,Foxp3
1346.428571,4631.619048,Mutant1,4,Foxp3
1329.285714,4633.857143,Mutant1,4,Foxp3
1056.192308,4635.692308,Mutant1,4,Foxp3
1106.65625,4638.84375,Mutant1,4,Foxp3
1060.774194,4641.193548,Mutant1,4,Foxp3
1357.944444,4646.25,Mutant1,4,Foxp3
1289.05,4646.6,Mutant1,4,Foxp3
1339.5,4647.5,Mutant1,4,Foxp3
1033.571429,4649.25,Mutant1,4,Foxp3
1221.913043,4648.782609,Mutant1,4,Foxp3
1051.903226,4650.806452,Mutant1,4,Foxp3
1362.714286,4650.892857,Mutant1,4,Foxp3
726.5,4651.5,Mutant1,4,Foxp3
1253.4,4653.24,Mutant1,4,Foxp3
988.6,4654.4,Mutant1,4,Foxp3
1152.875,4654.125,Mutant1,4,Foxp3
1071.692308,4655.115385,Mutant1,4,Foxp3
1053.692308,4656.115385,Mutant1,4,Foxp3
1193.923077,4657.076923,Mutant1,4,Foxp3
1237.826087,4657,Mutant1,4,Foxp3
1189.681818,4659.409091,Mutant1,4,Foxp3
1327.380952,4659,Mutant1,4,Foxp3
1289.6,4659.96,Mutant1,4,Foxp3
1035.5,4664.285714,Mutant1,4,Foxp3
976.3414634,4664.390244,Mutant1,4,Foxp3
1167.294118,4668.529412,Mutant1,4,Foxp3
1208.16,4668.56,Mutant1,4,Foxp3
1155.5,4671,Mutant1,4,Foxp3
1394.5,4671.785714,Mutant1,4,Foxp3
1181,4677,Mutant1,4,Foxp3
1363.25,4676.75,Mutant1,4,Foxp3
1091.846154,4677.884615,Mutant1,4,Foxp3
1295.277778,4677.472222,Mutant1,4,Foxp3
970.1153846,4679.307692,Mutant1,4,Foxp3
1313.785714,4679.357143,Mutant1,4,Foxp3
1321.04,4678.96,Mutant1,4,Foxp3
982.962963,4682.666667,Mutant1,4,Foxp3
938.8,4684.5,Mutant1,4,Foxp3
1063.5,4684.333333,Mutant1,4,Foxp3
1184.105263,4684.421053,Mutant1,4,Foxp3
950.5882353,4685.117647,Mutant1,4,Foxp3
980.1875,4685.1875,Mutant1,4,Foxp3
1267.84,4684.36,Mutant1,4,Foxp3
1078.394737,4687.657895,Mutant1,4,Foxp3
1090.758621,4688.344828,Mutant1,4,Foxp3
1397.041667,4689.875,Mutant1,4,Foxp3
1372.4375,4691.9375,Mutant1,4,Foxp3
1139.294118,4695.823529,Mutant1,4,Foxp3
1202.222222,4698.5,Mutant1,4,Foxp3
1166.578947,4700.105263,Mutant1,4,Foxp3
1297.421053,4700.894737,Mutant1,4,Foxp3
1066.666667,4705.266667,Mutant1,4,Foxp3
1207.043478,4706.043478,Mutant1,4,Foxp3
1173.647059,4706.529412,Mutant1,4,Foxp3
1265.090909,4706.909091,Mutant1,4,Foxp3
1319.727273,4706.931818,Mutant1,4,Foxp3
1083.5,4709,Mutant1,4,Foxp3
1257.56,4708.6,Mutant1,4,Foxp3
1175.625,4710.25,Mutant1,4,Foxp3
1208.612903,4710.677419,Mutant1,4,Foxp3
1218.607143,4710.821429,Mutant1,4,Foxp3
967.4230769,4715.076923,Mutant1,4,Foxp3
1095.695652,4717.347826,Mutant1,4,Foxp3
1077.666667,4719.125,Mutant1,4,Foxp3
1014.384615,4721.384615,Mutant1,4,Foxp3
1028.333333,4724.5,Mutant1,4,Foxp3
1039.294118,4723.676471,Mutant1,4,Foxp3
1271.142857,4728,Mutant1,4,Foxp3
1275.1875,4727.8125,Mutant1,4,Foxp3
1083.741935,4729.387097,Mutant1,4,Foxp3
1098.5,4729,Mutant1,4,Foxp3
1180.833333,4729.722222,Mutant1,4,Foxp3
1163.346154,4732.153846,Mutant1,4,Foxp3
1281.1,4731.966667,Mutant1,4,Foxp3
1087.833333,4733.277778,Mutant1,4,Foxp3
1176.5,4733.5625,Mutant1,4,Foxp3
949.75,4735.75,Mutant1,4,Foxp3
1100.173913,4737.130435,Mutant1,4,Foxp3
981.5,4738.285714,Mutant1,4,Foxp3
1337,4739,Mutant1,4,Foxp3
1436.5,4739.5,Mutant1,4,Foxp3
1027,4740,Mutant1,4,Foxp3
1242.5,4739.714286,Mutant1,4,Foxp3
1081.828571,4743.028571,Mutant1,4,Foxp3
1059.909091,4744.242424,Mutant1,4,Foxp3
1253.388889,4743.666667,Mutant1,4,Foxp3
1002.222222,4747.5,Mutant1,4,Foxp3
1043.230769,4747.5,Mutant1,4,Foxp3
1144.5,4747.5,Mutant1,4,Foxp3
1392.92,4746.44,Mutant1,4,Foxp3
1027.5,4748,Mutant1,4,Foxp3
971.0857143,4749.428571,Mutant1,4,Foxp3
1219.2,4752,Mutant1,4,Foxp3
914,4753.115385,Mutant1,4,Foxp3
1174.111111,4753.333333,Mutant1,4,Foxp3
983.8888889,4753.722222,Mutant1,4,Foxp3
1257.714286,4753.5,Mutant1,4,Foxp3
1273.88,4754.28,Mutant1,4,Foxp3
979.1481481,4754.740741,Mutant1,4,Foxp3
1019.885714,4755.8,Mutant1,4,Foxp3
1074.576923,4754.923077,Mutant1,4,Foxp3
1003.153846,4757.384615,Mutant1,4,Foxp3
1091.193548,4757.451613,Mutant1,4,Foxp3
1099.043478,4756.608696,Mutant1,4,Foxp3
1103.580645,4756.548387,Mutant1,4,Foxp3
817,4757.647059,Mutant1,4,Foxp3
1039.722222,4758.111111,Mutant1,4,Foxp3
794.6153846,4759.769231,Mutant1,4,Foxp3
1226.923077,4758.538462,Mutant1,4,Foxp3
1305,4760,Mutant1,4,Foxp3
1077.291667,4760.5,Mutant1,4,Foxp3
954.5,4762.5,Mutant1,4,Foxp3
821.5,4762.821429,Mutant1,4,Foxp3
980.6153846,4764.384615,Mutant1,4,Foxp3
1066.962963,4764.407407,Mutant1,4,Foxp3
1297.85,4764.85,Mutant1,4,Foxp3
824.8181818,4766.030303,Mutant1,4,Foxp3
1159.842105,4766.157895,Mutant1,4,Foxp3
1306.540541,4766.135135,Mutant1,4,Foxp3
1020.291667,4767,Mutant1,4,Foxp3
1047,4767.756098,Mutant1,4,Foxp3
1148.714286,4771.5,Mutant1,4,Foxp3
1081.47619,4770.952381,Mutant1,4,Foxp3
1211.5,4776,Mutant1,4,Foxp3
948,4778.5,Mutant1,4,Foxp3
1288.5,4779.5,Mutant1,4,Foxp3
1097.5,4785,Mutant1,4,Foxp3
1277.5,4784.5,Mutant1,4,Foxp3
955.5,4788.285714,Mutant1,4,Foxp3
792.96,4790.4,Mutant1,4,Foxp3
1087.428571,4789.914286,Mutant1,4,Foxp3
1134.857143,4790,Mutant1,4,Foxp3
1082.08,4790.44,Mutant1,4,Foxp3
1059.8125,4796.28125,Mutant1,4,Foxp3
1070.378378,4798.621622,Mutant1,4,Foxp3
1154.6,4797.96,Mutant1,4,Foxp3
1048.74359,4799.076923,Mutant1,4,Foxp3
1190.125,4800,Mutant1,4,Foxp3
921.8214286,4803.678571,Mutant1,4,Foxp3
1042.72,4805.6,Mutant1,4,Foxp3
1115.8,4806.56,Mutant1,4,Foxp3
913.6666667,4811,Mutant1,4,Foxp3
1181.615385,4813.384615,Mutant1,4,Foxp3
1082.96875,4814.03125,Mutant1,4,Foxp3
939.85,4814.1,Mutant1,4,Foxp3
1135.8,4815.76,Mutant1,4,Foxp3
941.0909091,4817.909091,Mutant1,4,Foxp3
963.3333333,4821.5,Mutant1,4,Foxp3
1094,4822,Mutant1,4,Foxp3
952.375,4823.875,Mutant1,4,Foxp3
1150.5,4827.5,Mutant1,4,Foxp3
1055.75,4828.416667,Mutant1,4,Foxp3
959.4705882,4828.647059,Mutant1,4,Foxp3
1127.526316,4828.842105,Mutant1,4,Foxp3
980.0392157,4833.588235,Mutant1,4,Foxp3
1142.419355,4835.064516,Mutant1,4,Foxp3
1127.24,4845.04,Mutant1,4,Foxp3
1060.243243,4848.567568,Mutant1,4,Foxp3
1075.5,4848.285714,Mutant1,4,Foxp3
1189.565217,4848.391304,Mutant1,4,Foxp3
1111.214286,4852.5,Mutant1,4,Foxp3
1134.317073,4854.04878,Mutant1,4,Foxp3
1128.875,4856.875,Mutant1,4,Foxp3
1048.26087,4860.391304,Mutant1,4,Foxp3
1131.242424,4860.575758,Mutant1,4,Foxp3
943.625,4863.15625,Mutant1,4,Foxp3
1084.882353,4862.588235,Mutant1,4,Foxp3
1247.576923,4863.615385,Mutant1,4,Foxp3
1116.875,4865.125,Mutant1,4,Foxp3
932.8518519,4867.037037,Mutant1,4,Foxp3
1035.607143,4868.178571,Mutant1,4,Foxp3
961.862069,4869.586207,Mutant1,4,Foxp3
1136.92,4872.44,Mutant1,4,Foxp3
965.8947368,4875.421053,Mutant1,4,Foxp3
1327.090909,4874.909091,Mutant1,4,Foxp3
1131.178571,4876.321429,Mutant1,4,Foxp3
1029.888889,4879.444444,Mutant1,4,Foxp3
1087.896552,4882.827586,Mutant1,4,Foxp3
1106.909091,4884.909091,Mutant1,4,Foxp3
1010.772727,4887.090909,Mutant1,4,Foxp3
1152.291667,4887.708333,Mutant1,4,Foxp3
913.7391304,4889.391304,Mutant1,4,Foxp3
1027.275862,4888.586207,Mutant1,4,Foxp3
847.4117647,4891.294118,Mutant1,4,Foxp3
1104.757576,4898.69697,Mutant1,4,Foxp3
1087.642857,4902.178571,Mutant1,4,Foxp3
1030.173913,4903,Mutant1,4,Foxp3
1205.533333,4904.133333,Mutant1,4,Foxp3
1174.692308,4908.115385,Mutant1,4,Foxp3
916.5789474,4911.105263,Mutant1,4,Foxp3
879.84375,4912.375,Mutant1,4,Foxp3
1027.391304,4914.913043,Mutant1,4,Foxp3
1174.966667,4917.666667,Mutant1,4,Foxp3
1049.5,4919.5,Mutant1,4,Foxp3
1169.136364,4923.454545,Mutant1,4,Foxp3
1173.171429,4924.542857,Mutant1,4,Foxp3
1054.5,4924.714286,Mutant1,4,Foxp3
1143.32,4926.92,Mutant1,4,Foxp3
1044.173913,4931,Mutant1,4,Foxp3
1176,4931.321429,Mutant1,4,Foxp3
1154.444444,4930.851852,Mutant1,4,Foxp3
1156.466667,4934.733333,Mutant1,4,Foxp3
1142.333333,4935.111111,Mutant1,4,Foxp3
1028.5,4937.714286,Mutant1,4,Foxp3
1157.085714,4940.542857,Mutant1,4,Foxp3
1224.1875,4943.46875,Mutant1,4,Foxp3
1077.555556,4943.666667,Mutant1,4,Foxp3
1101.153846,4943.769231,Mutant1,4,Foxp3
1232.297297,4945.189189,Mutant1,4,Foxp3
1067.1,4945.5,Mutant1,4,Foxp3
1018.5,4950.769231,Mutant1,4,Foxp3
1158.125,4954.333333,Mutant1,4,Foxp3
1021.407407,4955.925926,Mutant1,4,Foxp3
1238.666667,4956.37037,Mutant1,4,Foxp3
1204.37037,4959,Mutant1,4,Foxp3
1080.866667,4962.466667,Mutant1,4,Foxp3
1087.285714,4963.5,Mutant1,4,Foxp3
1231.6,4962.96,Mutant1,4,Foxp3
1064.5,4964.5,Mutant1,4,Foxp3
1226.9,4965.3,Mutant1,4,Foxp3
1289.428571,4968.904762,Mutant1,4,Foxp3
1181.744186,4973.55814,Mutant1,4,Foxp3
1113.5,4976.2,Mutant1,4,Foxp3
1018,4977,Mutant1,4,Foxp3
1188.615385,4977.384615,Mutant1,4,Foxp3
1105.636364,4978.090909,Mutant1,4,Foxp3
1096.733333,4978.966667,Mutant1,4,Foxp3
1194.785714,4981.357143,Mutant1,4,Foxp3
1177.727273,4982.5,Mutant1,4,Foxp3
1044.047619,4986.190476,Mutant1,4,Foxp3
1108.157895,4986.421053,Mutant1,4,Foxp3
1182.173913,4986,Mutant1,4,Foxp3
1189,4991,Mutant1,4,Foxp3
1117.08,4994.44,Mutant1,4,Foxp3
1193.407407,4994.925926,Mutant1,4,Foxp3
1055.46875,5007.3125,Mutant1,4,Foxp3
1184.129032,5006.516129,Mutant1,4,Foxp3
1223.482759,5008.275862,Mutant1,4,Foxp3
1027,5011,Mutant1,4,Foxp3
1081.6,5012.4,Mutant1,4,Foxp3
1175.259259,5013.407407,Mutant1,4,Foxp3
1101.115385,5020.346154,Mutant1,4,Foxp3
1125.5,5022,Mutant1,4,Foxp3
1215,5025,Mutant1,4,Foxp3
1165.5,5026.5,Mutant1,4,Foxp3
1027.333333,5037,Mutant1,4,Foxp3
1140,5037.333333,Mutant1,4,Foxp3
1079.909091,5041.545455,Mutant1,4,Foxp3
1064.095238,5049.619048,Mutant1,4,Foxp3
1034,5054.173913,Mutant1,4,Foxp3
1154.625,5054.666667,Mutant1,4,Foxp3
1090.291667,5059,Mutant1,4,Foxp3
1063.85,5069.7,Mutant1,4,Foxp3
1173.636364,5073.909091,Mutant1,4,Foxp3
1161.588235,5075.882353,Mutant1,4,Foxp3
1166.478261,5076.26087,Mutant1,4,Foxp3
1098.05,5087.75,Mutant1,4,Foxp3
1339.714286,5091.5,Mutant1,4,Foxp3
1005.366667,5101.366667,Mutant1,4,Foxp3
1097.230769,5100.538462,Mutant1,4,Foxp3
1001.25,5103.416667,Mutant1,4,Foxp3
977.7857143,5107.5,Mutant1,4,Foxp3
1192,5107.5,Mutant1,4,Foxp3
1020.117647,5109.588235,Mutant1,4,Foxp3
1211.104167,5110.854167,Mutant1,4,Foxp3
1083.5,5113.5,Mutant1,4,Foxp3
995.2916667,5115,Mutant1,4,Foxp3
1028.173913,5118,Mutant1,4,Foxp3
1032.730769,5118.653846,Mutant1,4,Foxp3
1092,5121,Mutant1,4,Foxp3
987.5,5125,Mutant1,4,Foxp3
1111.9,5126.05,Mutant1,4,Foxp3
987.9,5129.05,Mutant1,4,Foxp3
1000.8,5130.24,Mutant1,4,Foxp3
1128.346154,5130.153846,Mutant1,4,Foxp3
1023.666667,5132.5,Mutant1,4,Foxp3
994.2,5133.96,Mutant1,4,Foxp3
1229,5136,Mutant1,4,Foxp3
1059.56,5138.08,Mutant1,4,Foxp3
1046.4,5139.84,Mutant1,4,Foxp3
1053.052632,5142.315789,Mutant1,4,Foxp3
1004.153846,5144.076923,Mutant1,4,Foxp3
1045.277778,5145.888889,Mutant1,4,Foxp3
1148.173913,5149,Mutant1,4,Foxp3
1100.9,5152.4,Mutant1,4,Foxp3
1179.517241,5151.965517,Mutant1,4,Foxp3
1050.44,5153.8,Mutant1,4,Foxp3
1148.92,5156.8,Mutant1,4,Foxp3
1090.96,5168.4,Mutant1,4,Foxp3
1165.8,5169,Mutant1,4,Foxp3
1083,5172.5,Mutant1,4,Foxp3
1077.166667,5174,Mutant1,4,Foxp3
1164.325581,5178.604651,Mutant1,4,Foxp3
1094.655172,5179.724138,Mutant1,4,Foxp3
1149.222222,5186.5,Mutant1,4,Foxp3
1158.142857,5199.071429,Mutant1,4,Foxp3
1153.173913,5200,Mutant1,4,Foxp3
1161.882353,5199.470588,Mutant1,4,Foxp3
