X,Y
0,0
0,4714
4714,0
4714,4714
806.9230769,261.3846154
821.4074074,296.0740741
796.2352941,315.8823529
836.6875,322.8125
788.6481481,323.7407407
779.7419355,328.483871
804.4545455,329.1818182
807.4857143,333.2571429
833.1034483,333.7241379
824.2682927,335.4390244
785.6923077,336.6153846
823.4444444,342.3333333
830.25,344.3888889
775.877551,347.3061224
798.4375,358.25
806.1538462,358.1846154
820,360
812.1304348,362.2391304
780.490566,364.5849057
824.875,366.125
782.8518519,370.0740741
794.6307692,367.3692308
813.9315068,369.3972603
764.972973,375.4594595
788.8,376.6
783.8666667,377.7333333
800.6363636,379.5
814.0172414,378.6724138
778.2352941,381.0588235
787.5882353,381.5
813.7966102,386.4067797
802.3181818,388.0454545
785.6410256,390.9487179
801.2765957,395.5319149
797.5952381,691.6428571
725.9636364,699.2181818
1051.826087,702.7608696
803.9166667,704.0833333
1053.333333,710.4444444
793.6875,721.2083333
762.0727273,719.3
773.6575342,723.2739726
767.8823529,726.1470588
1058.538462,727.7692308
730.9615385,726.0769231
762.6785714,726.7857143
772.7,729.9
769.3846154,731.3076923
764.5434783,732.8478261
779.6184211,736.2368421
744.1428571,738.2321429
744.2608696,742.4782609
718.4186047,741.9069767
810.1463415,743.3170732
726.2307692,745.5230769
715.7407407,748.8703704
722.0322581,749.2580645
755.0454545,751.6818182
705.2467532,751.4155844
711.5048544,757.5436893
728.9253731,754.4626866
722.24,757.88
704.375,758.75
701.6181818,763.8909091
662.6538462,764.8461538
784.0384615,771.6923077
740.125,781.5416667
790.6938776,782.1428571
798.8181818,784.1136364
790.3529412,787.2941176
793.8571429,785.4285714
724.28,788.32
729.5862069,791.0344828
739.1627907,791.9302326
733.9130435,793.6521739
745.4,794.6
718.3114754,797.2786885
719.3636364,801.5
724.0555556,802.3611111
735.7857143,807.7142857
741.0821918,806.890411
780.78125,811.625
712.4285714,818.2142857
685.2173913,826.0869565
734.1884058,824.884058
729.452381,828.9047619
697.6666667,839
680,842.2
729.106383,863.7234043
639.9313725,874.745098
648,881.1666667
634.2909091,885.1272727
629.3461538,885.0384615
640.1666667,890.2619048
659.3888889,892.75
750.4772727,903.2045455
726.3488372,906.4883721
685.7142857,907.5
653.4,910.04
761.6,911.5714286
651.3181818,915.4090909
764.7368421,916.1052632
647.6710526,922.8157895
692.4285714,926.3214286
651.0235294,931.0705882
834.2727273,930.1515152
808.8888889,931.8888889
648.0588235,934.5294118
748.7948718,934.025641
820.3165468,933.6115108
721.8666667,936.6666667
648.4833333,939.8666667
757,938.9032258
810.5714286,941.1632653
693.0769231,943.3076923
738.75,943.4166667
781.28,945.6
803.972973,946.2702703
859.6363636,945.6545455
647.3382353,946.4264706
642.8545455,951.0727273
733.5625,949.15625
726.1851852,950.5555556
715.2826087,950.3695652
742.5,950.8
868.7297297,950.7297297
639.9166667,955.1666667
716.85,954.4
769.4,952.575
760.3103448,956.4482759
712.34,960.28
852.1219512,963.5365854
637.8125,967.75
684.0888889,968.2888889
697.2666667,968.3333333
724.3469388,967.0102041
753.8965517,971.1724138
850.6756757,973.2027027
728.6,975.84
734.5238095,976.3809524
855.7833333,975.5833333
673.8666667,976.5
787.4814815,977.3333333
641.8064516,978.0967742
829.8220339,978.5762712
761.3333333,979.8888889
673.6769231,981.9846154
712.5,981.2068966
722.2289157,981.626506
707.3939394,985.8787879
716.6129032,986.8387097
766.5869565,994.3913043
831.125,995.3333333
691.8888889,997.6666667
813.1886792,1002.679245
628.92,1004.6
653.75,1002.75
630,1019.71875
741.8181818,1023.818182
744.483871,1032.774194
732.9130435,1044.086957
726.8113208,1048.735849
749,1048.545455
639.5,1059.5
648.8947368,1087.473684
644.0454545,1090.272727
782.5609756,1090.853659
707.0816327,1092.081633
788.9302326,1095.27907
621.2,1097.2
643.6567164,1100.104478
793.8139535,1103.046512
703.625,1104.625
621.8,1108.630769
676.4722222,1117.638889
674.2727273,1122.060606
683.5164835,1121.527473
652.8837209,1123.116279
622,1125
678.115942,1127.884058
765.75,1125.305556
712.4074074,1128.259259
700,1130
682.6140351,1132.964912
756.7931034,1135.310345
675.7272727,1135.424242
685.4375,1137.083333
659.7032967,1141.252747
687.5625,1147.145833
705.8918919,1148.675676
655.9166667,1149.666667
680.6097561,1151.95122
792.2758621,1156.586207
686.2,1157.7
787.0333333,1157.433333
744.7567568,1167.513514
692.9019608,1167.882353
764.8378378,1168.864865
739.3142857,1171.4
705.2647059,1179
737.1578947,1180.508772
733.1428571,1194.128571
770.5675676,1194.621622
686.4210526,1206.855263
763.2666667,1205.833333
679.7307692,1209.730769
699.5061728,1209.333333
709,1218.173913
667.1282051,1224.871795
729.7241379,1227.275862
731,1251.5
737.4605263,1257.065789
731.2352941,1263.882353
665.3157895,1263.5
688.3035714,1264.214286
695.4307692,1267.015385
709.5,1267
689.6571429,1272.642857
683.0869565,1268.652174
696.7560976,1274.097561
677.6140351,1271.45614
627.826087,1274
679.4761905,1276
684.1,1274
672.5,1277.291667
692.5714286,1279.619048
685.7402597,1280.142857
679.7589286,1284.330357
693.4736842,1284.763158
641.6363636,1285.5
644.28125,1291.34375
653,1291
733.2222222,1290.5
739.6969697,1299.424242
641.3409091,1300.204545
693.9615385,1301.923077
703.7083333,1307.958333
697.06,1309.42
693.483871,1314.806452
631.4242424,1321.666667
685.9473684,1327.078947
697.245283,1330.396226
686.9090909,1338.484848
703.2093023,1339.116279
675.9102564,1344.166667
684.4,1345.233333
672.39,1351.32
648.7557252,1366.587786
744.8,1365.5
675,1376.6
689.25,1389.375
514.9393939,1391.787879
539.6986301,1397.328767
633.0384615,1401.230769
754.5,1398.892857
634.2631579,1405.473684
758.7678571,1406.232143
727.9818182,1404
510.8837209,1407.209302
744.6315789,1407.815789
684.4090909,1408.818182
747.4166667,1412.75
545.6333333,1417.633333
748.8095238,1421.345238
529.3162393,1444.230769
458.2962963,1443.333333
694.076087,1444.097826
641.5,1444.981481
509.3333333,1445.738095
635.537037,1447.314815
651,1446.5
535.4594595,1449.067568
451.8780488,1448.5
513.25,1451
450.3877551,1454.734694
644.1842105,1452.368421
460.5217391,1455.347826
518.975,1455.15
467.6507937,1455.253968
445.1666667,1458.125
640.6470588,1457.588235
522.3571429,1461.357143
647.9583333,1463.291667
557.4383562,1464.520548
564.125,1470.083333
442.5205479,1469.780822
534.0425532,1472.06383
628.969697,1471.878788
448.16,1473.72
644.9090909,1472.727273
559.2463768,1479.144928
566.3714286,1481.228571
550.5,1483.5
651.1904762,1483.857143
700.9512195,1485.268293
444.2647059,1485.338235
449.3684211,1511.868421
616.5555556,1516.111111
746.7254902,1520.137255
702.6052632,1520.842105
591.2777778,1523.944444
438.5263158,1528.526316
422.2987013,1533.506494
438.5483871,1539.709677
803.3211009,1546.688073
629.14,1548
422.3469388,1548.653061
451.3571429,1551.178571
452.9081633,1558.040816
822.7058824,1556.529412
463,1558.5
815.6129032,1556
470.1714286,1558.342857
819.0857143,1560.828571
473.3142857,1562.771429
464.525,1563.35
807.7596899,1563.155039
821.3714286,1565.914286
478.6,1565.4
813.8571429,1567.457143
830.1694915,1566.237288
610.6065574,1567.95082
826.2,1570.628571
455.3026316,1571.605263
816.5882353,1572.529412
604.3566434,1575.986014
614.0983607,1574.622951
600.6,1578.05
817,1577.107143
442.5252525,1576.737374
457.5652174,1578.804348
603,1581
834.7826087,1582.144928
596.9245283,1580.584906
432.137931,1587.534483
439.4390244,1585
709.75,1585.863636
590.8125,1585.25
596.8823529,1587.196078
611.5121951,1586.414634
418.5384615,1587.846154
395.2692308,1588.634615
411.2272727,1590.454545
447.4736842,1588.122807
605.443038,1589.101266
708.1714286,1591.042857
596.15625,1593.59375
445.4592593,1595.725926
721.90625,1599.53125
688.8170732,1601.256098
399.3333333,1601.740741
439.0909091,1601.545455
682.6666667,1602.888889
425,1606.5
431.8403361,1606.722689
608.3589744,1605.051282
851.24,1603.28
817.3846154,1606.153846
844.8833333,1607.95
415.3770492,1606.57377
438.3333333,1606.666667
588.8493151,1606.589041
629.5882353,1606.882353
401.6875,1608.3125
853.7272727,1608.151515
454.5135135,1609.594595
448.9166667,1611.895833
442.9120879,1608.461538
629.6521739,1613.652174
691.1940299,1614.58209
713.775,1613.3
403.4358974,1616.076923
478.516129,1618.623656
431.75,1620.5
835.4642857,1622.178571
413.6153846,1623.615385
481.6176471,1627.470588
491.2340426,1628.340426
475.0588235,1629.764706
870.9117647,1631.911765
423.9782609,1637.086957
425.5675676,1643.918919
690.7073171,1644.926829
479.4411765,1646.970588
429.75,1650.416667
474.1428571,1649.971429
480.6571429,1653.6
467.9705882,1654.735294
464,1657.058824
501.4098361,1657.163934
470.4,1657.866667
474.25,1660.25
465.6612903,1661.919355
845.7192982,1661.824561
443.3703704,1664.82716
707.969697,1672
705.8695652,1676.956522
515.6619718,1688.71831
662.8333333,1692.5
350.4179104,1735.731343
350.2058824,1740.705882
788.0227273,1763
782.0416667,1766.666667
692.0555556,1771.055556
776.4038462,1772.326923
785.1290323,1773
791.5454545,1774.363636
721,1775.088889
798.9285714,1774.892857
382.8387097,1775.645161
757.1333333,1779.266667
741.7142857,1781.122449
784.32,1781.44
682.3095238,1785.52381
764,1785.333333
731.2941176,1787.823529
808.5,1790.5
733.1538462,1791.307692
734.8333333,1795.375
685.9814815,1796.074074
714.9615385,1797.307692
740.2678571,1799.107143
746.5365854,1800.731707
764.2439024,1803.365854
818.5,1804.884615
367.2795699,1806.344086
686.2758621,1806.965517
755.2285714,1807.371429
808.7068966,1808.965517
796.9375,1811.0625
350.6551724,1813.724138
759.71875,1813.28125
342.0232558,1814.27907
373.254902,1813.823529
832.5,1814.1875
386.5172414,1816.137931
699.2972973,1816.216216
814.6666667,1816.058824
823.9607843,1818.098039
760.1132075,1820.943396
362.1666667,1822.944444
357.4,1818.294444
349.4767442,1824.732558
787.1956522,1824.869565
815.5510204,1823.387755
818.2903226,1828.870968
757.875,1829.125
360.4642857,1832.178571
370.3333333,1832.888889
356.1355932,1836
364.1714286,1836.314286
821.075,1834.225
817.8,1837.833333
387.3111111,1836.888889
376.6021505,1837.623656
382.984127,1841.809524
786.6285714,1840.771429
815.5392157,1844.284314
369.15,1846.85
783.4782609,1845.086957
791.6888889,1845.081481
819.5,1848.928571
375.1,1849.666667
399.7058824,1851.5
369.4285714,1852.714286
759.6410256,1856.717949
752.6944444,1859.138889
381.9245283,1859.773585
756.76,1862.28
837.6666667,1861.916667
374.6285714,1862.585714
649.5,1867.5
374.8857143,1869.114286
816.9444444,1870.402778
751.5,1874.633333
712.6,1875.6
797.8644068,1875.542373
720.04,1876.16
758.7906977,1877.837209
793.2307692,1884.25641
755.453125,1884.9375
390.7878788,1885.606061
771.4,1886.233333
372.625,1888.729167
398.9,1888.7
761.09,1890.26
749.0740741,1893.592593
764.5625,1894.395833
773,1892.233333
400.0769231,1894.307692
643.7746479,1894.084507
405.2580645,1894.580645
668.8235294,1895.980392
624.3137255,1898.72549
645.7704918,1899.868852
395.36,1902.62
660.2916667,1906.083333
669.4423077,1909.230769
380.5294118,1909.470588
663.4666667,1910.7
374.7058824,1924.264706
582,1929.352941
543.8125,1931.5
641.5851064,1932.819149
706.375,1934.8
616.1428571,1943.4
539.7741935,1950.258065
535.8421053,1952.421053
600.275,1951.35
718.8888889,1963.160494
595.5945946,1965.297297
647.4807692,1964.961538
351.962963,1965.962963
717.3076923,1966.615385
341.71875,1968.8125
713.5777778,1968.488889
633.1785714,1973.535714
658.8461538,1974.538462
678.1698113,1973.377358
337.4520548,1975.136986
666.9516129,1975.66129
651.5,1976.684211
672.9047619,1977.095238
395.5,1978
680.5185185,1978.592593
598.7560976,1979.414634
648.2857143,1980.265306
687.8833333,1980.466667
668.5641026,1982.282051
526.9038462,1982.173077
341.6666667,1983.111111
351.7560976,1983
657.3152174,1984.184783
340.6153846,1989.230769
612.1587302,1991.730159
617.2222222,1992.722222
340.7017544,1995.140351
391.3589744,1994.589744
666.625,1993.9375
303,1995.55814
619.9069767,1998.209302
609,1999.342105
614.8823529,1999.470588
597.5,2000
669.2439024,2000.560976
593.1785714,2001.607143
322.7333333,2003.133333
462.5384615,2004.653846
570.8484848,2004.878788
374.3921569,2005.784314
422.6666667,2005.733333
317.9587629,2009.391753
594.34375,2007.53125
669.5517241,2006.758621
684.9,2006.7
388.76,2006.96
309.6666667,2009.857143
377.8611111,2010.777778
560.9534884,2011.697674
456.1428571,2013.178571
469.8157895,2012.342105
637.5411765,2014.305882
422.8709677,2014.580645
669.3717949,2015.25641
275.0727273,2016.654545
461.8214286,2017.607143
306.1428571,2018.2
312.05,2019.25
316.4363636,2018.345455
323.75,2020.230769
427.7857143,2019.142857
457.2380952,2020.333333
311.9622642,2024.943396
686.8064516,2021.483871
286,2022.789474
366.7627119,2022.762712
419.1018519,2023.259259
682.4181818,2024.563636
291.825,2024.225
301.3214286,2024.875
428.3814433,2026.721649
650.1521739,2026.608696
688.3478261,2028.217391
270.2,2030.44
290.097561,2029.463415
366.2592593,2029.962963
645.6923077,2032.717949
278.6363636,2030.272727
576.0208333,2030.625
547.25,2031.9375
361.1851852,2033.111111
531.962963,2032.296296
536.5686275,2031.666667
289.8113208,2035.09434
528.1,2034.833333
708.7419355,2035
279.6153846,2037.333333
523.4117647,2036.470588
519.1186441,2040.830508
534.9444444,2040.462963
459.5,2041
575.4565217,2040.26087
300.625,2042.5
281.6,2043.525
578.4680851,2045.191489
274.3928571,2045.178571
525.9714286,2045.438095
349.6451613,2046.16129
440.4848485,2045.636364
365.3636364,2048.090909
354.9215686,2049.45098
580.0434783,2050.304348
424.4516129,2050.451613
567.9,2051.7
376.5,2053.5
408,2053.307692
356.3548387,2055.16129
250.8214286,2055.785714
264.7777778,2056.388889
356.3333333,2060.444444
479.1690141,2060.605634
489.5757576,2060.424242
297.5675676,2060.297297
462.372093,2060.860465
573.2903226,2063.290323
270.1666667,2064.194444
283.8064516,2063.903226
397.8888889,2066.277778
432.03125,2066.6875
262.47,2069.39
341.6585366,2072.170732
284.72,2073.72
462.4411765,2075.294118
398,2077.8
281.9583333,2079.958333
362.5,2081
432.8,2083.5
633.8767123,2084.109589
536.4680851,2085.659574
272.1590909,2085.113636
266.260274,2085.945205
622.8032787,2088.557377
428.875,2097.625
330.6714286,2099.271429
506.16,2100.3
589.1686747,2100.156627
498.1,2102.5
256.125,2103.75
438.0416667,2105.083333
553.85,2105.25
548.8421053,2105.842105
530.4545455,2106.909091
260.6734694,2108.040816
354.2758621,2108.344828
502.5882353,2108.705882
372,2109.666667
391.3552632,2110.144737
507.6,2109.6
304.5555556,2110.666667
330.7058824,2110
321.1666667,2112.708333
324.9393939,2115.181818
336.2686567,2112.208955
302,2113.892857
328.85,2113.2
317.06,2116.38
332.1084337,2119.445783
427.9381443,2121.14433
294.1,2120.05
321.6153846,2120.230769
266.8823529,2121.294118
287.6521739,2119.115942
462.7166667,2120.316667
374.6666667,2123
323.4761905,2123.97619
329.4444444,2124.888889
281.1071429,2128.178571
516.2352941,2129.382353
270.5238095,2132.809524
423.5,2133.5
304.3703704,2136.851852
276.7710843,2137.156627
268.6507937,2139.444444
488.5777778,2139.644444
315.7857143,2141.5
276.34,2144.28
454,2147.37037
468.1153846,2152.769231
340.3888889,2154.722222
335.1891892,2155.864865
379.5227273,2159.136364
372.8909091,2160.545455
254.8030303,2164.712121
293.1,2163.066667
386.5625,2163.578125
280.6666667,2165.555556
462.1111111,2170.333333
479.9,2182.44
277.8484848,2182.727273
281.4285714,2186.357143
259.3333333,2187.333333
276.5714286,2190.25
483.7333333,2190.566667
239.5,2195
390.509434,2196.679245
384.375,2197.375
288.1666667,2197.642857
480.0520833,2199.09375
499.1428571,2197.333333
486.1590909,2201.25
275.4137931,2206.37931
482,2205.97619
269.7704918,2208.868852
483.6491228,2211.947368
291,2215
271.0714286,2215.619048
343.96,2215.92
421.5652174,2218.326087
466.030303,2220.575758
443.8148148,2228.592593
296.1269841,2229.952381
408.779661,2229.949153
473.2692308,2230.615385
344.5789474,2233.697368
310.4411765,2235.176471
403.0576923,2235.019231
313.5555556,2238.888889
318.6885246,2240.344262
311.5,2242.388889
399.1886792,2243.113208
314.5,2245.272727
338.3611111,2247.25
322.0625,2250.4375
328.525,2251.05
405.7142857,2251.5
355.5,2252.777778
285.173913,2255
362.5,2254.8
327.4489796,2258.693878
564.08,2258.72
340.5,2260
575.0909091,2264.818182
565.1666667,2270.027778
630.7878788,2282.181818
619.2068966,2284
478,2285.265957
638.0873786,2289.980583
629.5441176,2288.720588
630.4347826,2294.782609
633.8333333,2293.333333
478.9117647,2299.323529
489.1428571,2304.371429
465.4390244,2306.878049
504.4117647,2307.411765
493.4375,2309.203125
570.8878505,2310.009346
458.952381,2316.880952
463.8928571,2319.964286
458.9166667,2321.458333
667.5,2323.5
531.4545455,2327.090909
546.6551724,2328.327586
576.28125,2330.5
534.0952381,2332.690476
579.8064516,2335.032258
662.5,2338.088235
558.622449,2336.520408
636.6724138,2339.051724
653.804878,2340.365854
602.1111111,2340.527778
608.8108108,2339.567568
619.9052632,2340.073684
613.8163265,2344.734694
539.6144578,2344.542169
552.4705882,2344.5
561.1525424,2344.864407
532.7692308,2347.25
594.2222222,2345.614815
601.8666667,2347.111111
536.6388889,2351.777778
559.7647059,2352.411765
627.2285714,2351.742857
637,2356.658537
595.5,2363.5
644.2105263,2364.131579
572.5,2368.5
485.0952381,2369.47619
478.875,2371.489583
644.2121212,2377.545455
679.5862069,2377.436782
475.4576271,2379.067797
532.3538462,2383.369231
681.4827586,2383.862069
663.8333333,2383.866667
587.32,2384
541.6588235,2385.152941
677.1956522,2387.608696
590.6829268,2389.146341
542.6551724,2391.448276
629.9354839,2390.645161
607.893617,2392.617021
650.3508772,2393.175439
659.3478261,2394.536232
467,2397.5
599.475,2399.825
656.6056338,2401.633803
692.7878788,2401.515152
626,2405.105263
701.3488372,2404.953488
625.4736842,2410.131579
655.4193548,2410.064516
620.9354839,2414.83871
596.6842105,2416.947368
655.8837209,2420.232558
582.04,2421.6
217.5,2427.633333
562.5777778,2430.2
220.875,2431.3125
227.972973,2433.378378
680,2433.5
579.7307692,2438.615385
606,2440.5
608.75,2441.416667
600.1166667,2444.033333
658.6153846,2447.538462
610.6363636,2448.545455
681.4259259,2448.87037
571.8656716,2449.985075
650.5,2450
603.8214286,2453.214286
622.4050633,2450.987342
614.1034483,2452.413793
617.5952381,2456.357143
211.5,2463.823529
698.88,2466.2
656.7368421,2466
180.1071429,2469.5
652.8888889,2470.533333
230.796875,2475.15625
597.4848485,2476.454545
189.9245283,2476.867925
619.06,2477.16
210.7105263,2484.692982
242.6477273,2484.579545
183.5614035,2484.105263
235.3636364,2488.106061
597.7241379,2486.637931
218.3333333,2489.555556
225.6666667,2488.333333
626.025,2488.575
185.5308642,2491.160494
601.3846154,2491.615385
634.8125,2490.854167
203.5714286,2491.142857
209.0422535,2494.647887
353.5909091,2494.386364
220.2121212,2494.909091
247.4375,2495.625
207.1875,2500.59375
652.5135135,2500.405405
618.4736842,2501.508772
640.8505747,2503.252874
679.5666667,2503.483333
206.8,2504.9
672.9,2506.6
583.6530612,2507.387755
665.4545455,2508.954545
578.5294118,2509.294118
636,2510.6
598.9259259,2511.444444
208.2368421,2511.368421
578,2514.347826
585.4492754,2515.666667
590.9090909,2516.090909
204.3333333,2518.083333
230.5113636,2519.193182
579.4137931,2519.689655
625,2517.5
635.0681818,2516.954545
607,2520.5
651.0612245,2520.408163
598.7777778,2521.111111
643.8928571,2521.857143
639.0571429,2524.042857
667.02,2523.5
344.3243243,2524.675676
648.1428571,2525
604.0416667,2528.333333
648.1525424,2530.322034
600.5555556,2531.111111
628.009901,2533.138614
598.7037037,2535
604.2758621,2534.482759
643.8536585,2537.219512
660.0114943,2538.275862
603.7222222,2539.444444
609.8692308,2535.953846
636.5,2539.727273
589.2105263,2542.210526
599.2424242,2541.666667
603.0238095,2546.261905
573.6321839,2545.011494
657.6818182,2546.181818
330,2547.5
640.7368421,2548.122807
607.1666667,2550.916667
570,2552.371429
360.9545455,2554.204545
598.2,2555.085714
660.5454545,2553.575758
701.75,2555.5
678.9130435,2558.23913
667.5,2561.4
391.6923077,2562.788462
707.5,2565.846154
373.1590909,2569.295455
379.7714286,2570.057143
425.7272727,2569.787879
422,2573.8
373.0731707,2575.731707
605.5882353,2575.588235
332.4925373,2578.791045
398.6461538,2577.092308
403,2578.857143
410.547619,2579.333333
612.375,2581.109375
429.5,2584.8
335.6296296,2585.851852
697.6086957,2587.043478
401.0756303,2590.596639
408.9836066,2587.196721
343.8918919,2590.945946
632.2142857,2590.642857
415.0491803,2592.278689
619.983871,2592.258065
356.4305556,2594.486111
407.1481481,2595.611111
413.2,2599.45
342.3333333,2598.6
632.4545455,2598.636364
666.6,2602.4
403.7118644,2603.20339
633.2307692,2604.538462
413.3214286,2605.767857
430.3174603,2607.079365
371.8679245,2607.584906
412.9130435,2610.391304
642,2609.445652
340.1142857,2610.085714
349.16,2610.44
698.3157895,2609.526316
417.7446809,2612.361702
691.4509804,2612.745098
687.3714286,2615.114286
660.2941176,2616.196078
343.4202899,2617.188406
351.6811594,2618.623188
333.5,2620.788462
347.0909091,2621.454545
357,2621.823529
612.5151515,2621.727273
339.7333333,2623.333333
377,2624
636.5555556,2623.37037
364,2625.2
331.8461538,2625.692308
343.6190476,2626.785714
356.56,2626.88
324.0625,2626.84375
332.2,2630.066667
382.119403,2626.865672
419.9189189,2628.189189
439.1578947,2628.157895
337.7333333,2627.933333
611.9333333,2629.7
432.9047619,2629.428571
327.0434783,2633.630435
348.75,2632.416667
340.5694444,2633.861111
332.6842105,2636.710526
716.2181818,2639.690909
353.8648649,2642.594595
329.7272727,2645.333333
664.9333333,2646.333333
701.5131579,2645.289474
333.2083333,2648.854167
336.1818182,2652.727273
690.9574468,2652.319149
722.8571429,2652.912088
610.84375,2653.90625
324.1111111,2654.666667
432.483871,2654.870968
509.4693878,2656.061224
636.7096774,2656.806452
628.1550388,2658.077519
680.3076923,2658.615385
636.0727273,2665.490909
346.25,2665.940476
459.5192308,2666.269231
630,2666.777778
778,2666.230769
336.3333333,2668.088889
772.7209302,2668.046512
624.7567568,2667.243243
779.84,2671
430.8285714,2669.457143
620.2142857,2668.339286
681.8181818,2668.909091
626.88,2672.08
689.4,2670.55
372.4516129,2674.419355
394,2674.538462
355.3,2676.466667
350.2727273,2678.242424
439.8888889,2677.611111
369.4482759,2679.586207
409.969697,2679.181818
626.553719,2679.347107
709.5789474,2679.421053
387.3333333,2680.604167
513,2681.655172
634.5,2683.272727
728.1875,2683
691.3666667,2682.283333
392.7777778,2684.666667
627.1666667,2686.666667
739.6875,2685.9375
341.6666667,2689.083333
723.4705882,2690
643.5,2691.5
611.5714286,2693.214286
727.09375,2693.96875
731.6976744,2692.790698
739.3333333,2693.555556
755.625,2696.375
742.9411765,2698.014706
609.7391304,2698.913043
437.5,2704
458.1428571,2704.114286
612.5185185,2703.259259
736.1463415,2704.121951
377.5696203,2706.493671
605.5230769,2706.169231
646.5714286,2709.914286
430.2325581,2711.093023
414.5555556,2713.611111
452.3076923,2712.615385
462.4814815,2713.092593
657.6976744,2712.372093
642.4545455,2716.636364
397.7894737,2718.947368
428.2792793,2719.846847
769.6060606,2721.242424
643.047619,2726.809524
732.4107143,2725.25
431.8117647,2728.2
725.8627451,2731.235294
735.1290323,2731.612903
801.15,2731.7
646.1111111,2735.333333
798.5227273,2736.772727
817.5681818,2737.363636
385.109375,2739.390625
443.8478261,2740.282609
650.1527778,2740.069444
423.875,2741.458333
637.7682927,2743.365854
425.5737705,2746.442623
749.7391304,2749.782609
344.2777778,2752.208333
447.15625,2751.1875
451.1111111,2754.222222
675.5,2755.5
752.75,2754.55
792.5757576,2754.424242
374.6808511,2759.148936
355.7241379,2758.655172
337.62,2758.3
783.0232558,2758.093023
401.3559322,2759.779661
438.3090909,2760.654545
722.25,2761.4
450.1864407,2760.830508
746.4615385,2762.153846
751.5428571,2762.285714
342.9019608,2763.607843
368.0740741,2762.703704
605.8157895,2762.657895
771.7356322,2760.287356
780.0689655,2762.758621
457.2407407,2763.574074
600.2,2766.533333
431.6470588,2765.941176
444.3333333,2766.916667
762.7272727,2765.818182
775.6511628,2767.046512
449.1714286,2767.571429
452.9,2771.6
768.9137931,2769.137931
433.8695652,2770.913043
450,2772
603.36,2771.16
381.3818182,2774.127273
727.1764706,2773.529412
764.0958904,2774.410959
775.0666667,2775.316667
354.6792453,2775.886792
384.6071429,2782.880952
442.7717391,2778.586957
449.2222222,2782.185185
377.9583333,2781.895833
398.3103448,2786.551724
378.4,2788.95
406.1304348,2789.115942
414.8888889,2789.666667
380,2794.027027
748.8811881,2793.29703
411.3333333,2796.111111
408.125,2796.875
757.7297297,2798.054054
710.2931034,2797.172414
682.2285714,2799.457143
746.8421053,2800.421053
402.5,2800.1875
739.8,2802
443.5,2803.5
751.968254,2803.333333
682.1111111,2805.666667
421.1904762,2807.857143
757.9491525,2807.050847
745.0740741,2808.444444
372.3333333,2808.69697
777.3125,2810.9375
350.8333333,2813.7
702.4705882,2814.215686
374.4489796,2816.306122
714.7962963,2818.611111
684.7073171,2820.365854
438.3396226,2819.54717
439.4705882,2824.941176
407.875,2823.556818
673.6153846,2824.230769
432.3409091,2826.977273
692.8505747,2828.793103
678.1527778,2832.680556
440.0769231,2833.179487
740.98,2833.56
680.8809524,2841.571429
704.2945736,2843.410853
385.96,2848.74
391.9285714,2849.857143
440.2368421,2849.236842
358.3913043,2859.26087
714.125,2859.125
416.1578947,2859.842105
721.2702703,2860.27027
388.5465116,2861.337209
726.1129032,2864.645161
364.5,2864.5
758.4918033,2864.508197
415.2857143,2868.107143
389.3333333,2869.533333
427.6206897,2871.206897
716.1860465,2870.674419
724.8888889,2870.333333
352.8076923,2872.307692
409.8,2872.44
372,2872.923077
401,2871.55814
398.8421053,2876.614035
361.7906977,2887.116279
419,2891.102041
708.872549,2890.313725
740.6296296,2892.37037
670.6603774,2895.962264
698.6363636,2898.090909
702.5789474,2896.684211
709.6592593,2899.644444
648.6607143,2899.607143
722.64,2899.56
394.6091954,2901.931034
695.8205128,2902.74359
700.1914894,2904.893617
665.0909091,2904.363636
768,2906.724138
339.9230769,2904.759615
373.8695652,2905.869565
730.2592593,2907.925926
392.1666667,2909.083333
712.8484848,2912.727273
730.2857143,2914.428571
722.9545455,2920.227273
389.6190476,2922.52381
353.75,2922.666667
748.754717,2924.924528
753.7352941,2925.588235
675.0833333,2927.916667
754.2903226,2930.774194
745.1212121,2930.181818
361.8888889,2931.5
748.0740741,2935.037037
338.7560976,2934.756098
373.4102564,2938.769231
739.9565217,2937.913043
364.1538462,2939
725.5957447,2938.148936
732.765625,2936.921875
382.4,2940.95
729,2942.444444
769.0367647,2941.257353
370.1111111,2941.666667
735.88,2940.72
720.5277778,2943.5
652.3777778,2943.288889
688.0384615,2944.307692
728.0175439,2945.754386
764.7647059,2945.647059
348.6909091,2943.836364
370.2682927,2946.585366
339.1643836,2951.917808
737.6341463,2947.682927
647.7741935,2947.741935
346.1724138,2948.689655
726.1747573,2951.990291
368.875,2950.875
653.8676471,2950.205882
346.8695652,2954.130435
352.5882353,2954.45098
357.4852941,2956.617647
662.1081081,2953.418919
655.375,2956.575
365.5,2956.9
661.7272727,2961.236364
732.5698925,2958.182796
348.5121951,2960.219512
720.4166667,2960
348.3571429,2963
697.375,2963.625
727.8764045,2964.58427
341.1428571,2964.357143
354.3125,2964.1875
359.2727273,2965.484848
656.0169492,2966.898305
355.1162791,2971.55814
342.6691176,2977.419118
337.5238095,2985.785714
355.4528302,2984.830189
316.8888889,2988.044444
327.6744186,2988.302326
680.2114286,2988.662857
706.2247191,2992.707865
714.1911765,2989.911765
355.7454545,2991.909091
710.9090909,2995.69697
692.7368421,2993.960526
671.7,2998.585714
699.6666667,2996.484848
317.6190476,2999.380952
327.9761905,3001.095238
710.4255319,3002.553191
323.8125,3003.895833
696.6153846,3002.269231
717.483871,3002.403226
355.0740741,3005.203704
331.7826087,3007.521739
713.3684211,3008.684211
733.037037,3009.185185
386.9285714,3010.738095
741.1590909,3010.636364
314.2,3012.071429
314.5714286,3017.6
694.5375,3015.8
679.1351351,3016.783784
331.375,3020.125
718.9189189,3019.594595
377.5945946,3022.310811
684.6805556,3027.152778
310,3031.5
349.7,3028.816667
362.9753086,3036.049383
371.3684211,3035.789474
700.25,3039.533333
338.2368421,3041.315789
366.7924528,3042.320755
692.5172414,3042.586207
343.7777778,3046.666667
691.2272727,3054.227273
366.8076923,3056.538462
388.826087,3061.695652
296.1896552,3065.137931
304.2586207,3065.896552
288.78,3067.4
351.1296296,3069.888889
310.6056338,3077.43662
400.2470588,3084.282353
310.5,3085.8
651.5,3090.5
680.0204082,3091.265306
660.8095238,3098.666667
350.3595506,3102.101124
356.0153846,3105.153846
361.7272727,3101.886364
690.5882353,3102.941176
302.8214286,3107.107143
657.9615385,3108.230769
339.9268293,3109.146341
398.7209302,3110.372093
648.8947368,3110.140351
670.3636364,3109.545455
331.8823529,3114.058824
703.0909091,3118.436364
645.3181818,3117.977273
637,3119.653846
333.1136364,3123.545455
339.5283019,3120.528302
642.0869565,3122.043478
692.9634146,3121.670732
698.8653846,3127.990385
400.5625,3125.4375
636.5,3126.315789
685,3127.636364
335.9285714,3130.892857
692.275,3132.125
403.0617284,3133.987654
672.5208333,3139.916667
696.15,3139.65
330.2,3140.8
338.8165138,3142.266055
706.7948718,3144.025641
714.4615385,3143.564103
332.5454545,3148.272727
699.8181818,3149.545455
735.2911392,3150.417722
486.7283951,3150.975309
494.3898305,3148.457627
651.0434783,3150.869565
491.4375,3152.875
637.9512195,3153.097561
490.7073171,3158.195122
336.4347826,3163.847826
716.4565217,3163.347826
401.65625,3165.15625
340.7058824,3168.294118
702.65625,3171.21875
711.4594595,3171.783784
338.3442623,3173.737705
746.8823529,3172.764706
402.4693878,3174.367347
717.7560976,3172.463415
725.6415094,3174.924528
660.8,3176.075
706.1818182,3176.522727
712.0322581,3177.806452
721.3518519,3180.092593
701.3,3180.2
327.625,3181.5625
756.5254237,3181.016949
376.5882353,3183
380.0714286,3188.196429
757.5294118,3187.423529
755.4137931,3192.586207
327.9583333,3189.708333
636.4084507,3191.408451
761.9577465,3195.112676
763.1388889,3201.777778
758.1818182,3206.309091
672.1666667,3204.952381
706.159292,3207.637168
722,3208.244444
714.6,3209.257143
735.75,3209.214286
777.6666667,3210.833333
648.3333333,3216.166667
774.0566038,3216.792453
652.1643836,3222.849315
709.5280899,3221.325843
629.5081967,3224.901639
653.2790698,3230.162791
686.6458333,3230.791667
662.1315789,3232.631579
768.8666667,3238.933333
774.3653846,3247.5
660.1,3251.5
642.3684211,3253.526316
740.8085106,3254.468085
735.9423077,3258.807692
785.3285714,3258.528571
777.75,3262.5
756.7258065,3275.806452
663.5862069,3277.603448
769.125,3280.75
676.825,3282.5875
714.7407407,3298.62963
469.7804878,3303.02439
722.2,3300.2
761.6666667,3301.142857
753.3684211,3302.894737
479.2142857,3307.5
529.8918919,3307.972973
740.0625,3308.09375
464.8888889,3309.666667
514.24,3314.04
529.4423077,3314.903846
535.8181818,3313.606061
525.3703704,3319.111111
680.34375,3324.34375
781.5,3326.2
691.5,3329.333333
756.7798165,3333.834862
435.7307692,3343.038462
452,3346.545455
492.2608696,3344.956522
758.2777778,3345.87037
771.1470588,3346.470588
456.2631579,3346.657895
543.308642,3349.950617
452.5,3349.555556
535.0769231,3351
746.3731343,3354.164179
468.7666667,3353.833333
768.7333333,3359.466667
472.8476821,3362.298013
478.2857143,3360.190476
742.0107527,3360.870968
755.5757576,3362.787879
762.8815789,3363.447368
492.5925926,3364.185185
757.6486486,3369.459459
761.6923077,3369.076923
521.3333333,3370.666667
469,3373
636.8947368,3378.894737
473.7971014,3383.405797
556.8636364,3385.681818
711.5,3385.5
706.0645161,3386.225806
479.71875,3388.59375
469.7272727,3389.727273
469.5555556,3395.5
781.6956522,3398.26087
776.6849315,3404.630137
511.7037037,3409.37037
685.0422535,3414.521127
546.7333333,3426.766667
741.6666667,3428.509804
532.3235294,3431.735294
537.6111111,3433.055556
551.875,3432.625
756.1818182,3434.818182
533.7317073,3436.878049
719.9166667,3439.25
480.5,3441.5
492.9285714,3442.785714
498.3333333,3444.820513
487,3445.5
627.1538462,3445.538462
502.9574468,3447.617021
496.1764706,3449.941176
489.7580645,3457.612903
511.32,3456.68
516.5714286,3456.571429
508.4210526,3465.552632
588.5862069,3465.724138
499.1142857,3471.028571
523.2131148,3470.622951
631.8636364,3488.909091
598.1578947,3493.131579
626.0294118,3495.764706
555.2678571,3498.375
664,3498.5
601.7419355,3499.741935
598.1290323,3503.693548
604.6428571,3501.928571
605.8888889,3504.222222
662.3666667,3504.7
604.484375,3509.140625
603,3515.5
606.4827586,3519.896552
609.025641,3533.128205
812.5454545,3544.333333
821.7692308,3561.230769
820.0909091,3566.909091
801.6078431,3573.72549
833.8285714,3577.628571
809.2222222,3578.444444
821.5689655,3578.172414
814.4833333,3581.316667
804.8837209,3582.465116
829.8,3584.616667
822.7,3585.1
840.5,3590.660714
816.1666667,3591.733333
824.7428571,3602.828571
837.6039604,3615.247525
718.6774194,3629.709677
810.1578947,3634.5
713.4109589,3635.369863
722.0588235,3635.647059
708.2666667,3642.666667
715.9393939,3649.121212
861.0606061,3651.484848
816.1692308,3652.153846
822.125,3652.75
696.5,3655.675
716.2666667,3666.022222
829.5,3667.5
695.7045455,3669.295455
797.425,3670.15
785.3333333,3672.75
804.4166667,3672.208333
824.4594595,3675.702703
703.6515152,3677.19697
711.5294118,3678.058824
709.8240741,3686.907407
717.5434783,3684.565217
963.5,3685.833333
994.625,3686.4375
1000.545455,3684.886364
1006.12069,3687.37931
721.6333333,3687.933333
732.1428571,3687.392857
726.8253968,3691.31746
758.6086957,3690.652174
823.8181818,3689.909091
829.3658537,3690.926829
839.2142857,3691
763.8478261,3691.608696
989.893617,3690.446809
1016.333333,3692.825397
719.4878049,3693.804878
819.5263158,3694.684211
1003.747475,3696.030303
747.96,3695.6
987.0731707,3697.109756
728.2444444,3699.955556
869.2258065,3698.774194
970.4,3699.9
979.4712644,3699.896552
995.5575221,3699.159292
939,3700.756098
778.2272727,3704.318182
988.0810811,3706.310811
881.875,3704.75
1003.928571,3707.142857
977.8536585,3708.195122
995.875,3708.875
985.5301205,3712.349398
741.8181818,3711.151515
785.6603774,3711.962264
746.7647059,3713.176471
779.4727273,3712.836364
1053.25,3713.55
1027,3715.315789
889.0967742,3717
792.425,3716.575
868.8,3717.7
1011.41129,3721.056452
874.8571429,3721.642857
795.1081081,3723.972973
759,3725.321429
1005.333333,3726.666667
822.4098361,3726.721311
767,3728.5
799.8888889,3729.422222
1022.136364,3729.363636
966.4172662,3733.532374
807.4074074,3738.925926
1031.75,3738.840909
1048.4375,3740.609375
779.6271186,3741.559322
837,3742.880952
971.3157895,3741.578947
1286.157895,3742.157895
771.974359,3743.089744
1043.25,3743.75
966.5932203,3747
980.4285714,3749.4
1035.849315,3748.794521
818.2545455,3749.254545
1017.5,3750.181818
974.575,3753.575
1235.935484,3752.709677
1006.647059,3752.431373
1035.5,3756.25
1014.576923,3758
1234.466667,3758.133333
1019.2,3760.925
1205.903226,3760.806452
1032.192308,3762
1048.631579,3761.859649
1050.705882,3766.117647
1082,3771.5
1227.4,3771.54
1222.538462,3775.794872
1042.142857,3778.885714
1231.176471,3778.705882
1226.2,3780.5
1248.65625,3780.625
987,3786.678571
1043.47619,3787.142857
1222.9375,3788.25
1049.163636,3791.054545
1037.076923,3792.307692
1051.25,3796.375
1159.513514,3796.675676
1122.555556,3807.166667
1112.941176,3808.607843
1245.666667,3809.083333
1093.846154,3834.538462
1147.238095,3834.833333
1155.851351,3836.175676
994.0444444,3836.355556
999.3717949,3840.589744
1144.411765,3838.852941
1044.652174,3840.73913
1148.333333,3842.833333
1157.470588,3844.264706
1101.219512,3845.390244
1130.508197,3845.934426
1152.392857,3845.428571
1235.833333,3846.291667
1081.333333,3848.380952
1055.603774,3848.90566
1123.837838,3846.972973
1138.086957,3848.217391
1121.65,3852.1
1237.04878,3852.804878
1052.317073,3855.804878
1059.58209,3857.507463
1097.435897,3857.205128
1119.548387,3859.677419
1135.890909,3855.763636
1126.512821,3856.871795
1132.684211,3861.263158
1089.882353,3861.823529
1125.820513,3865.192308
1046.269231,3866.223077
1203.684211,3866.578947
1197.584906,3868.320755
1613.574468,3872.255319
1101.666667,3872.888889
1235.818182,3872.060606
1589.05,3871.283333
1035.851852,3874.074074
1232.142857,3877.166667
1592.243243,3876.054054
1188.511628,3877.465116
1586.541667,3877.208333
1583.339623,3880.377358
1218.653846,3881
1500.2,3881.76
1086.5,3888.5
1251.5,3889.047619
1101.440678,3890.728814
1049.385542,3888.843373
1435.5,3891.5
1208.7,3894.3
1084.117647,3896.470588
1145.863636,3895.227273
1431.762712,3902.40678
1115.986486,3902.432432
1235.918367,3903.061224
1238.901961,3907.078431
1432.228571,3909.914286
1436.702703,3908.108108
1261.677966,3909.423729
1185.545455,3917.272727
1095.605263,3919.026316
1076.766667,3920
1191.202532,3920.265823
1136.843137,3923.568627
1130.22093,3925.848837
1219.526316,3927.157895
1232.985714,3926.514286
949.9677419,3928.032258
1160.842105,3927.842105
1194.590164,3930.983607
931.0480769,3929.923077
959.6829268,3935.585366
1238.923077,3934.659341
1199.877551,3936.612245
1179.021277,3940.191489
953.3142857,3941.085714
1190.951613,3940.225806
1448.660714,3941.160714
961.0990099,3943.673267
1170.441176,3944.529412
929.2923077,3945.476923
935.05,3943.375
1192.025,3947
1203.014286,3946.257143
1478,3946.377049
1467.882353,3947.627451
940.0833333,3947.125
936.65625,3952.703125
1443.258621,3951.103448
971.0571429,3952.357143
1174.5,3954.727273
1169.435897,3959.589744
1191.1875,3957.854167
927.8928571,3959.607143
974.9428571,3960.157143
980.3181818,3963.636364
936.2962963,3964.814815
969.8333333,3965.6875
923.4102564,3967.230769
938,3968.692308
946.3333333,3967.645833
941.2380952,3968.761905
963.375,3968.25
1194.690476,3973.452381
1190.916667,3976.333333
960.7272727,3977.5
1157.677419,3979.258065
1522.322034,3986.084746
983.275,3992.075
